<powerbidataset uniquename="new_dataset_5c050c0d-d902-40be-962c-46c94725ed8f">
  <datasetoriginalobjectid>c0ad89de-ffbb-4571-a9e6-d50717ff8854</datasetoriginalobjectid>
  <dataverseconnectionupdateenabled>0</dataverseconnectionupdateenabled>
  <importpowerbicomponentsequencenumber>638176350881923825</importpowerbicomponentsequencenumber>
  <iscustomizable>1</iscustomizable>
  <name>Dynamics 365 Sales - Campaign</name>
  <package mimetype="application/zip">package.pbipkg</package>
  <statecode>0</statecode>
  <statuscode>1</statuscode>
  <workspaceobjectid>5a2672bd-509f-426a-968f-3d91d90c24e0</workspaceobjectid>
</powerbidataset>