<environmentvariabledefinition schemaname="pbi_PBI_GMTOffSet">
  <description default="Used to offset the close date value from GMT by hours. e.g. US Central TimeZone is &quot;-6&quot; (Does not adjust for DST.)">
    <label description="Used to offset the close date value from GMT by hours. e.g. US Central TimeZone is &quot;-6&quot; (Does not adjust for DST.)" languagecode="1033" />
  </description>
  <displayname default="PBI_GMTOffSet">
    <label description="PBI_GMTOffSet" languagecode="1033" />
  </displayname>
  <introducedversion>1.0.0.1</introducedversion>
  <iscustomizable>1</iscustomizable>
  <isrequired>0</isrequired>
  <secretstore>0</secretstore>
  <type>100000001</type>
</environmentvariabledefinition>