<powerbireport uniquename="pbi_7364429c3b914241b8dc26f7a7133fe6">
  <datasetid>
    <uniquename>new_dataset_c2c4e178-b201-4861-a1d7-0f08dc6da668</uniquename>
  </datasetid>
  <etag>638107954185700000</etag>
  <importpowerbicomponentsequencenumber>638107954025406503</importpowerbicomponentsequencenumber>
  <iscustomizable>1</iscustomizable>
  <name>Contoso Sales - Owner</name>
  <package mimetype="application/zip">package.pbipkg</package>
  <reportobjectid>28e23a17-2de3-4a51-a950-7a029809026a</reportobjectid>
  <reportoriginalobjectid>29cd5df8-7606-42d2-938a-b447aeac5103</reportoriginalobjectid>
  <statecode>0</statecode>
  <statuscode>1</statuscode>
  <workspaceobjectid>c45f7e88-a733-4288-8679-d8b3f0e1035e</workspaceobjectid>
</powerbireport>