<powerbireport uniquename="pbi_2309d16561b24bfdbef919fa1e273da8">
  <datasetid>
    <uniquename>new_dataset_2f6ca19f-15ff-4b73-b468-692c909e7e50</uniquename>
  </datasetid>
  <etag>638106821986600000</etag>
  <importpowerbicomponentsequencenumber>638061463118559422</importpowerbicomponentsequencenumber>
  <iscustomizable>1</iscustomizable>
  <name>Contoso Sales</name>
  <package mimetype="application/zip">package.pbipkg</package>
  <reportobjectid>14ef9c5a-cc0d-4277-a9a3-47301b9bec03</reportobjectid>
  <reportoriginalobjectid>b970da4a-f3a9-42f9-850c-1890323fb0b7</reportoriginalobjectid>
  <statecode>0</statecode>
  <statuscode>1</statuscode>
  <workspaceobjectid>dbd3875d-4a39-4245-b48d-ef9cddba192c</workspaceobjectid>
</powerbireport>