<powerbidataset uniquename="new_dataset_c2c4e178-b201-4861-a1d7-0f08dc6da668">
  <datasetobjectid>9465afaa-e33a-4f7c-a314-65634f58dab9</datasetobjectid>
  <datasetoriginalobjectid>0d0d70a6-939f-447e-97a5-48adb968ead1</datasetoriginalobjectid>
  <dataverseconnectionupdateenabled>0</dataverseconnectionupdateenabled>
  <importpowerbicomponentsequencenumber>638107954016968662</importpowerbicomponentsequencenumber>
  <iscustomizable>1</iscustomizable>
  <name>Contoso Sales - Owner</name>
  <package mimetype="application/zip">package.pbipkg</package>
  <statecode>0</statecode>
  <statuscode>1</statuscode>
  <workspaceobjectid>c45f7e88-a733-4288-8679-d8b3f0e1035e</workspaceobjectid>
</powerbidataset>