<powerbidataset uniquename="new_dataset_2f6ca19f-15ff-4b73-b468-692c909e7e50">
  <datasetobjectid>dc94d928-16a8-4aaa-81a3-d134cac1a455</datasetobjectid>
  <datasetoriginalobjectid>aff5f661-4716-45fb-8e5a-df78eab06278</datasetoriginalobjectid>
  <dataverseconnectionupdateenabled>0</dataverseconnectionupdateenabled>
  <iscustomizable>1</iscustomizable>
  <name>Contoso Sales</name>
  <package mimetype="application/zip">package.pbipkg</package>
  <statecode>0</statecode>
  <statuscode>1</statuscode>
  <workspaceobjectid>dbd3875d-4a39-4245-b48d-ef9cddba192c</workspaceobjectid>
</powerbidataset>