<powerbidataset uniquename="new_dataset_7a25054c-2d88-4bc8-89fe-8e3ac787dacd">
  <datasetobjectid>e5097607-c98e-47dc-8b43-c08d5ca3077c</datasetobjectid>
  <datasetoriginalobjectid>ba0425b8-3f07-4795-94b0-054d49b9aafd</datasetoriginalobjectid>
  <dataverseconnectionupdateenabled>1</dataverseconnectionupdateenabled>
  <importpowerbicomponentsequencenumber>638112945045832613</importpowerbicomponentsequencenumber>
  <iscustomizable>1</iscustomizable>
  <name>Contoso Sales - Customer</name>
  <package mimetype="application/zip">package.pbipkg</package>
  <statecode>0</statecode>
  <statuscode>1</statuscode>
  <workspaceobjectid>0d1209a5-da9e-4057-af1c-e58a77c47e66</workspaceobjectid>
</powerbidataset>