<powerbireport uniquename="pbi_bbde10abca64494ba48cf6e72ed39f65">
  <datasetid>
    <uniquename>new_dataset_7a25054c-2d88-4bc8-89fe-8e3ac787dacd</uniquename>
  </datasetid>
  <etag>638058730958870000</etag>
  <importpowerbicomponentsequencenumber>638058730797225672</importpowerbicomponentsequencenumber>
  <iscustomizable>1</iscustomizable>
  <name>Contoso Sales - Customer</name>
  <package mimetype="application/zip">package.pbipkg</package>
  <reportobjectid>5bf3bf15-b6ac-4707-909b-015f511e2d53</reportobjectid>
  <reportoriginalobjectid>b6fe4d75-9a40-49d7-b30f-9250b308309e</reportoriginalobjectid>
  <statecode>0</statecode>
  <statuscode>1</statuscode>
  <workspaceobjectid>dbd3875d-4a39-4245-b48d-ef9cddba192c</workspaceobjectid>
</powerbireport>