<ImportExportXml version="9.2.22122.168" SolutionPackageVersion="9.2" languagecode="1033" generatedBy="CrmLive" xmlns:xsi="http://www.w3.org/2001/XMLSchema-instance">
  <SolutionManifest>
    <UniqueName>ContosoSalesDemo</UniqueName>
    <LocalizedNames>
      <LocalizedName description="Contoso Sales Demo" languagecode="1033" />
    </LocalizedNames>
    <Descriptions />
    <Version>1.0.0.10</Version>
    <Managed>0</Managed>
    <Publisher>
      <UniqueName>PowerBI</UniqueName>
      <LocalizedNames>
        <LocalizedName description="Power BI" languagecode="1033" />
      </LocalizedNames>
      <Descriptions />
      <EMailAddress xsi:nil="true"></EMailAddress>
      <SupportingWebsiteUrl xsi:nil="true"></SupportingWebsiteUrl>
      <CustomizationPrefix>pbi</CustomizationPrefix>
      <CustomizationOptionValuePrefix>88999</CustomizationOptionValuePrefix>
      <Addresses>
        <Address>
          <AddressNumber>1</AddressNumber>
          <AddressTypeCode>1</AddressTypeCode>
          <City xsi:nil="true"></City>
          <County xsi:nil="true"></County>
          <Country xsi:nil="true"></Country>
          <Fax xsi:nil="true"></Fax>
          <FreightTermsCode xsi:nil="true"></FreightTermsCode>
          <ImportSequenceNumber xsi:nil="true"></ImportSequenceNumber>
          <Latitude xsi:nil="true"></Latitude>
          <Line1 xsi:nil="true"></Line1>
          <Line2 xsi:nil="true"></Line2>
          <Line3 xsi:nil="true"></Line3>
          <Longitude xsi:nil="true"></Longitude>
          <Name xsi:nil="true"></Name>
          <PostalCode xsi:nil="true"></PostalCode>
          <PostOfficeBox xsi:nil="true"></PostOfficeBox>
          <PrimaryContactName xsi:nil="true"></PrimaryContactName>
          <ShippingMethodCode>1</ShippingMethodCode>
          <StateOrProvince xsi:nil="true"></StateOrProvince>
          <Telephone1 xsi:nil="true"></Telephone1>
          <Telephone2 xsi:nil="true"></Telephone2>
          <Telephone3 xsi:nil="true"></Telephone3>
          <TimeZoneRuleVersionNumber xsi:nil="true"></TimeZoneRuleVersionNumber>
          <UPSZone xsi:nil="true"></UPSZone>
          <UTCOffset xsi:nil="true"></UTCOffset>
          <UTCConversionTimeZoneCode xsi:nil="true"></UTCConversionTimeZoneCode>
        </Address>
        <Address>
          <AddressNumber>2</AddressNumber>
          <AddressTypeCode>1</AddressTypeCode>
          <City xsi:nil="true"></City>
          <County xsi:nil="true"></County>
          <Country xsi:nil="true"></Country>
          <Fax xsi:nil="true"></Fax>
          <FreightTermsCode xsi:nil="true"></FreightTermsCode>
          <ImportSequenceNumber xsi:nil="true"></ImportSequenceNumber>
          <Latitude xsi:nil="true"></Latitude>
          <Line1 xsi:nil="true"></Line1>
          <Line2 xsi:nil="true"></Line2>
          <Line3 xsi:nil="true"></Line3>
          <Longitude xsi:nil="true"></Longitude>
          <Name xsi:nil="true"></Name>
          <PostalCode xsi:nil="true"></PostalCode>
          <PostOfficeBox xsi:nil="true"></PostOfficeBox>
          <PrimaryContactName xsi:nil="true"></PrimaryContactName>
          <ShippingMethodCode>1</ShippingMethodCode>
          <StateOrProvince xsi:nil="true"></StateOrProvince>
          <Telephone1 xsi:nil="true"></Telephone1>
          <Telephone2 xsi:nil="true"></Telephone2>
          <Telephone3 xsi:nil="true"></Telephone3>
          <TimeZoneRuleVersionNumber xsi:nil="true"></TimeZoneRuleVersionNumber>
          <UPSZone xsi:nil="true"></UPSZone>
          <UTCOffset xsi:nil="true"></UTCOffset>
          <UTCConversionTimeZoneCode xsi:nil="true"></UTCConversionTimeZoneCode>
        </Address>
      </Addresses>
    </Publisher>
    <RootComponents>
      <RootComponent type="1" schemaName="account" behavior="1" />
      <RootComponent type="1" schemaName="contact" behavior="2" />
      <RootComponent type="1" schemaName="opportunity" behavior="2" />
      <RootComponent type="1" schemaName="systemuser" behavior="2" />
      <RootComponent type="60" id="{bd41c1e6-5272-ed11-9562-000d3a8d942a}" behavior="0" />
      <RootComponent type="61" schemaName="pbi_Power_BI.svg" behavior="0" />
      <RootComponent type="62" schemaName="pbi_ContosoSalesPowerBIDemoApp" behavior="0" />
      <RootComponent type="80" schemaName="pbi_ContosoSalesPowerBIDemoApp" behavior="0" />
    </RootComponents>
    <MissingDependencies>
      <MissingDependency>
        <Required type="1" schemaName="campaign" displayName="Campaign" solution="msdynce_Marketing (9.0.4.37)">
          <package>msdynce_MarketingAnchor (9.0.22121.10001)</package>
        </Required>
        <Dependent type="62" schemaName="pbi_ContosoSalesPowerBIDemoApp" />
      </MissingDependency>
      <MissingDependency>
        <Required type="1" schemaName="campaign" displayName="Campaign" solution="msdynce_Marketing (9.0.4.37)">
          <package>msdynce_MarketingAnchor (9.0.22121.10001)</package>
        </Required>
        <Dependent type="80" schemaName="pbi_ContosoSalesPowerBIDemoApp" displayName="Contoso Sales Power BI Demo App" />
      </MissingDependency>
      <MissingDependency>
        <Required type="1" schemaName="entitlement" displayName="Entitlement" solution="msdynce_Service (9.0.5.56)">
          <package>msdynce_ServiceAnchor (9.0.22121.1012)</package>
        </Required>
        <Dependent type="60" displayName="Contact - with Power BI" parentDisplayName="Contact" id="{96476b99-b5a0-ed11-aad1-000d3a8d942a}" />
      </MissingDependency>
      <MissingDependency>
        <Required type="1" schemaName="incident" displayName="Case" solution="msdynce_Service (9.0.5.56)">
          <package>msdynce_ServiceAnchor (9.0.22121.1012)</package>
        </Required>
        <Dependent type="60" displayName="Contact - with Power BI" parentDisplayName="Contact" id="{96476b99-b5a0-ed11-aad1-000d3a8d942a}" />
      </MissingDependency>
      <MissingDependency>
        <Required type="1" schemaName="opportunity" displayName="Opportunity" solution="msdynce_Sales (9.0.4.0076)">
          <package>msdynce_SalesAnchor (9.0.22121.10009)</package>
        </Required>
        <Dependent type="1" schemaName="opportunity" displayName="Opportunity" />
      </MissingDependency>
      <MissingDependency>
        <Required type="1" schemaName="opportunity" displayName="Opportunity" solution="msdynce_Sales (9.0.4.0076)">
          <package>msdynce_SalesAnchor (9.0.22121.10009)</package>
        </Required>
        <Dependent type="26" schemaName="Open Opportunities for Forecast" displayName="Open Opportunities for Forecast" parentSchemaName="opportunity" parentDisplayName="Opportunity" id="{99539cb3-797c-ed11-81ad-000d3a8d942a}" />
      </MissingDependency>
      <MissingDependency>
        <Required type="1" schemaName="opportunity" displayName="Opportunity" solution="msdynce_Sales (9.0.4.0076)">
          <package>msdynce_SalesAnchor (9.0.22121.10009)</package>
        </Required>
        <Dependent type="26" schemaName="All Opportunity Owners" displayName="All Opportunity Owners" parentSchemaName="systemuser" parentDisplayName="User" id="{b1d5c277-6e7a-ed11-81ad-000d3a8d942a}" />
      </MissingDependency>
      <MissingDependency>
        <Required type="1" schemaName="opportunity" displayName="Opportunity" solution="msdynce_Sales (9.0.4.0076)">
          <package>msdynce_SalesAnchor (9.0.22121.10009)</package>
        </Required>
        <Dependent type="60" displayName="Contact - with Power BI" parentDisplayName="Contact" id="{96476b99-b5a0-ed11-aad1-000d3a8d942a}" />
      </MissingDependency>
      <MissingDependency>
        <Required type="1" schemaName="opportunity" displayName="Opportunity" solution="msdynce_Sales (9.0.4.0076)">
          <package>msdynce_SalesAnchor (9.0.22121.10009)</package>
        </Required>
        <Dependent type="60" displayName="Account - with Power BI" parentDisplayName="Account" id="{e1fb9f98-4f72-ed11-9562-000d3a8d942a}" />
      </MissingDependency>
      <MissingDependency>
        <Required type="1" schemaName="opportunity" displayName="Opportunity" solution="msdynce_Sales (9.0.4.0076)">
          <package>msdynce_SalesAnchor (9.0.22121.10009)</package>
        </Required>
        <Dependent type="62" schemaName="pbi_ContosoSalesPowerBIDemoApp" />
      </MissingDependency>
      <MissingDependency>
        <Required type="1" schemaName="opportunity" displayName="Opportunity" solution="msdynce_Sales (9.0.4.0076)">
          <package>msdynce_SalesAnchor (9.0.22121.10009)</package>
        </Required>
        <Dependent type="80" schemaName="pbi_ContosoSalesPowerBIDemoApp" displayName="Contoso Sales Power BI Demo App" />
      </MissingDependency>
      <MissingDependency>
        <Required type="1" schemaName="territory" displayName="Territory" solution="msdynce_AppCommon (9.0.4.0066)">
          <package>msdynce_AppCommonAnchor (9.0.22121.10001)</package>
        </Required>
        <Dependent type="62" schemaName="pbi_ContosoSalesPowerBIDemoApp" />
      </MissingDependency>
      <MissingDependency>
        <Required type="1" schemaName="territory" displayName="Territory" solution="msdynce_AppCommon (9.0.4.0066)">
          <package>msdynce_AppCommonAnchor (9.0.22121.10001)</package>
        </Required>
        <Dependent type="80" schemaName="pbi_ContosoSalesPowerBIDemoApp" displayName="Contoso Sales Power BI Demo App" />
      </MissingDependency>
      <MissingDependency>
        <Required type="10" schemaName="msdyn_accountmanager_opportunity" displayName="msdyn_accountmanager_opportunity" parentSchemaName="systemuser" parentDisplayName="User" solution="ProjectService (3.10.0.31)" />
        <Dependent type="60" displayName="User with Sales Analytics" parentDisplayName="User" id="{2277a0e4-9f79-ed11-81ad-000d3a8d942a}" />
      </MissingDependency>
      <MissingDependency>
        <Required type="10" schemaName="msdyn_accountmanager_quote" displayName="msdyn_accountmanager_quote" parentSchemaName="systemuser" parentDisplayName="User" solution="ProjectService (3.10.0.31)" />
        <Dependent type="60" displayName="User with Sales Analytics" parentDisplayName="User" id="{2277a0e4-9f79-ed11-81ad-000d3a8d942a}" />
      </MissingDependency>
      <MissingDependency>
        <Required type="10" schemaName="msdyn_accountmanager_salesorder" displayName="msdyn_accountmanager_salesorder" parentSchemaName="systemuser" parentDisplayName="User" solution="ProjectService (3.10.0.31)" />
        <Dependent type="60" displayName="User with Sales Analytics" parentDisplayName="User" id="{2277a0e4-9f79-ed11-81ad-000d3a8d942a}" />
      </MissingDependency>
      <MissingDependency>
        <Required type="10" schemaName="msdyn_systemuser_msdyn_expense_manager" displayName="msdyn_systemuser_msdyn_expense_manager" parentSchemaName="systemuser" parentDisplayName="User" solution="ProjectService (3.10.0.31)" />
        <Dependent type="60" displayName="User with Sales Analytics" parentDisplayName="User" id="{2277a0e4-9f79-ed11-81ad-000d3a8d942a}" />
      </MissingDependency>
      <MissingDependency>
        <Required type="10" schemaName="msdyn_systemuser_msdyn_project_projectmanager" displayName="msdyn_systemuser_msdyn_project_projectmanager" parentSchemaName="systemuser" parentDisplayName="User" solution="ProjectService (3.10.0.31)" />
        <Dependent type="60" displayName="User with Sales Analytics" parentDisplayName="User" id="{2277a0e4-9f79-ed11-81ad-000d3a8d942a}" />
      </MissingDependency>
      <MissingDependency>
        <Required type="10" schemaName="msdyn_systemuser_msdyn_projectapproval_Manager" displayName="msdyn_systemuser_msdyn_projectapproval_Manager" parentSchemaName="systemuser" parentDisplayName="User" solution="ProjectService (3.10.0.31)" />
        <Dependent type="60" displayName="User with Sales Analytics" parentDisplayName="User" id="{2277a0e4-9f79-ed11-81ad-000d3a8d942a}" />
      </MissingDependency>
      <MissingDependency>
        <Required type="2" schemaName="originatingleadid" displayName="Originating Lead" parentSchemaName="account" parentDisplayName="Account" solution="msdynce_LeadManagement (9.0.4.0066)">
          <package>msdynce_LeadManagementAnchor (9.0.22121.10001)</package>
        </Required>
        <Dependent type="60" displayName="Account - with Power BI" parentDisplayName="Account" id="{e1fb9f98-4f72-ed11-9562-000d3a8d942a}" />
      </MissingDependency>
      <MissingDependency>
        <Required type="2" schemaName="territoryid" displayName="Territory" parentSchemaName="account" parentDisplayName="Account" solution="msdynce_Sales (9.0.4.0076)">
          <package>msdynce_SalesAnchor (9.0.22121.10009)</package>
        </Required>
        <Dependent type="26" schemaName="Open Opportunities for Forecast" displayName="Open Opportunities for Forecast" parentSchemaName="opportunity" parentDisplayName="Opportunity" id="{99539cb3-797c-ed11-81ad-000d3a8d942a}" />
      </MissingDependency>
      <MissingDependency>
        <Required type="2" schemaName="territoryid" displayName="Territory" parentSchemaName="account" parentDisplayName="Account" solution="msdynce_Sales (9.0.4.0076)">
          <package>msdynce_SalesAnchor (9.0.22121.10009)</package>
        </Required>
        <Dependent type="60" displayName="Account - with Power BI" parentDisplayName="Account" id="{e1fb9f98-4f72-ed11-9562-000d3a8d942a}" />
      </MissingDependency>
      <MissingDependency>
        <Required type="2" schemaName="businesscard" displayName="Business Card" parentSchemaName="contact" parentDisplayName="Contact" solution="msdynce_SalesPatch201904 (9.0.1912.1007)">
          <package>msdynce_SalesAnchor (9.0.22121.10009)</package>
        </Required>
        <Dependent type="60" displayName="Contact - with Power BI" parentDisplayName="Contact" id="{96476b99-b5a0-ed11-aad1-000d3a8d942a}" />
      </MissingDependency>
      <MissingDependency>
        <Required type="2" schemaName="businesscardattributes" displayName="BusinessCardAttributes" parentSchemaName="contact" parentDisplayName="Contact" solution="msdynce_SalesPatch201904 (9.0.1912.1007)">
          <package>msdynce_SalesAnchor (9.0.22121.10009)</package>
        </Required>
        <Dependent type="60" displayName="Contact - with Power BI" parentDisplayName="Contact" id="{96476b99-b5a0-ed11-aad1-000d3a8d942a}" />
      </MissingDependency>
      <MissingDependency>
        <Required type="2" schemaName="customerid" displayName="Potential Customer" parentSchemaName="opportunity" parentDisplayName="Opportunity" solution="msdynce_Sales (9.0.4.0076)">
          <package>msdynce_SalesAnchor (9.0.22121.10009)</package>
        </Required>
        <Dependent type="26" schemaName="Open Opportunities for Forecast" displayName="Open Opportunities for Forecast" parentSchemaName="opportunity" parentDisplayName="Opportunity" id="{99539cb3-797c-ed11-81ad-000d3a8d942a}" />
      </MissingDependency>
      <MissingDependency>
        <Required type="2" schemaName="estimatedclosedate" displayName="Est. Close Date" parentSchemaName="opportunity" parentDisplayName="Opportunity" solution="msdynce_Sales (9.0.4.0076)">
          <package>msdynce_SalesAnchor (9.0.22121.10009)</package>
        </Required>
        <Dependent type="26" schemaName="Open Opportunities for Forecast" displayName="Open Opportunities for Forecast" parentSchemaName="opportunity" parentDisplayName="Opportunity" id="{99539cb3-797c-ed11-81ad-000d3a8d942a}" />
      </MissingDependency>
      <MissingDependency>
        <Required type="2" schemaName="estimatedvalue" displayName="Est. Revenue" parentSchemaName="opportunity" parentDisplayName="Opportunity" solution="msdynce_Sales (9.0.4.0076)">
          <package>msdynce_SalesAnchor (9.0.22121.10009)</package>
        </Required>
        <Dependent type="26" schemaName="Open Opportunities for Forecast" displayName="Open Opportunities for Forecast" parentSchemaName="opportunity" parentDisplayName="Opportunity" id="{99539cb3-797c-ed11-81ad-000d3a8d942a}" />
      </MissingDependency>
      <MissingDependency>
        <Required type="2" schemaName="name" displayName="Topic" parentSchemaName="opportunity" parentDisplayName="Opportunity" solution="msdynce_Sales (9.0.4.0076)">
          <package>msdynce_SalesAnchor (9.0.22121.10009)</package>
        </Required>
        <Dependent type="26" schemaName="Open Opportunities for Forecast" displayName="Open Opportunities for Forecast" parentSchemaName="opportunity" parentDisplayName="Opportunity" id="{99539cb3-797c-ed11-81ad-000d3a8d942a}" />
      </MissingDependency>
      <MissingDependency>
        <Required type="2" schemaName="opportunityid" displayName="Opportunity" parentSchemaName="opportunity" parentDisplayName="Opportunity" solution="msdynce_Sales (9.0.4.0076)">
          <package>msdynce_SalesAnchor (9.0.22121.10009)</package>
        </Required>
        <Dependent type="26" schemaName="Open Opportunities for Forecast" displayName="Open Opportunities for Forecast" parentSchemaName="opportunity" parentDisplayName="Opportunity" id="{99539cb3-797c-ed11-81ad-000d3a8d942a}" />
      </MissingDependency>
      <MissingDependency>
        <Required type="2" schemaName="ownerid" displayName="Owner" parentSchemaName="opportunity" parentDisplayName="Opportunity" solution="msdynce_Sales (9.0.4.0076)">
          <package>msdynce_SalesAnchor (9.0.22121.10009)</package>
        </Required>
        <Dependent type="26" schemaName="Open Opportunities for Forecast" displayName="Open Opportunities for Forecast" parentSchemaName="opportunity" parentDisplayName="Opportunity" id="{99539cb3-797c-ed11-81ad-000d3a8d942a}" />
      </MissingDependency>
      <MissingDependency>
        <Required type="2" schemaName="owninguser" displayName="Owning User" parentSchemaName="opportunity" parentDisplayName="Opportunity" solution="msdynce_Sales (9.0.4.0076)">
          <package>msdynce_SalesAnchor (9.0.22121.10009)</package>
        </Required>
        <Dependent type="26" schemaName="Open Opportunities for Forecast" displayName="Open Opportunities for Forecast" parentSchemaName="opportunity" parentDisplayName="Opportunity" id="{99539cb3-797c-ed11-81ad-000d3a8d942a}" />
      </MissingDependency>
      <MissingDependency>
        <Required type="2" schemaName="owninguser" displayName="Owning User" parentSchemaName="opportunity" parentDisplayName="Opportunity" solution="msdynce_Sales (9.0.4.0076)">
          <package>msdynce_SalesAnchor (9.0.22121.10009)</package>
        </Required>
        <Dependent type="26" schemaName="All Opportunity Owners" displayName="All Opportunity Owners" parentSchemaName="systemuser" parentDisplayName="User" id="{b1d5c277-6e7a-ed11-81ad-000d3a8d942a}" />
      </MissingDependency>
      <MissingDependency>
        <Required type="2" schemaName="parentaccountid" displayName="Account" parentSchemaName="opportunity" parentDisplayName="Opportunity" solution="msdynce_Sales (9.0.4.0076)">
          <package>msdynce_SalesAnchor (9.0.22121.10009)</package>
        </Required>
        <Dependent type="26" schemaName="Open Opportunities for Forecast" displayName="Open Opportunities for Forecast" parentSchemaName="opportunity" parentDisplayName="Opportunity" id="{99539cb3-797c-ed11-81ad-000d3a8d942a}" />
      </MissingDependency>
      <MissingDependency>
        <Required type="2" schemaName="statecode" displayName="Status" parentSchemaName="opportunity" parentDisplayName="Opportunity" solution="msdynce_Sales (9.0.4.0076)">
          <package>msdynce_SalesAnchor (9.0.22121.10009)</package>
        </Required>
        <Dependent type="26" schemaName="Open Opportunities for Forecast" displayName="Open Opportunities for Forecast" parentSchemaName="opportunity" parentDisplayName="Opportunity" id="{99539cb3-797c-ed11-81ad-000d3a8d942a}" />
      </MissingDependency>
      <MissingDependency>
        <Required type="2" schemaName="stepname" displayName="Pipeline Phase" parentSchemaName="opportunity" parentDisplayName="Opportunity" solution="msdynce_Sales (9.0.4.0076)">
          <package>msdynce_SalesAnchor (9.0.22121.10009)</package>
        </Required>
        <Dependent type="26" schemaName="Open Opportunities for Forecast" displayName="Open Opportunities for Forecast" parentSchemaName="opportunity" parentDisplayName="Opportunity" id="{99539cb3-797c-ed11-81ad-000d3a8d942a}" />
      </MissingDependency>
      <MissingDependency>
        <Required type="2" schemaName="msdyn_agentType" displayName="User type" parentSchemaName="systemuser" parentDisplayName="User" solution="OmnichannelBotEnabler (1.5.0.4)" />
        <Dependent type="60" displayName="User with Sales Analytics" parentDisplayName="User" id="{2277a0e4-9f79-ed11-81ad-000d3a8d942a}" />
      </MissingDependency>
      <MissingDependency>
        <Required type="2" schemaName="msdyn_botapplicationid" displayName="Bot application ID" parentSchemaName="systemuser" parentDisplayName="User" solution="OmnichannelBotEnabler (1.5.0.4)" />
        <Dependent type="60" displayName="User with Sales Analytics" parentDisplayName="User" id="{2277a0e4-9f79-ed11-81ad-000d3a8d942a}" />
      </MissingDependency>
      <MissingDependency>
        <Required type="2" schemaName="msdyn_botprovider" displayName="Bot Provider" parentSchemaName="systemuser" parentDisplayName="User" solution="msdyn_OmnichannelBotEnablerPatch (1.5.16.55)" />
        <Dependent type="60" displayName="User with Sales Analytics" parentDisplayName="User" id="{2277a0e4-9f79-ed11-81ad-000d3a8d942a}" />
      </MissingDependency>
      <MissingDependency>
        <Required type="2" schemaName="territoryid" displayName="Territory" parentSchemaName="systemuser" parentDisplayName="User" solution="msdynce_AppCommon (9.0.4.0066)">
          <package>msdynce_AppCommonAnchor (9.0.22121.10001)</package>
        </Required>
        <Dependent type="26" schemaName="All Opportunity Owners" displayName="All Opportunity Owners" parentSchemaName="systemuser" parentDisplayName="User" id="{b1d5c277-6e7a-ed11-81ad-000d3a8d942a}" />
      </MissingDependency>
      <MissingDependency>
        <Required type="26" schemaName="My Active Cases" displayName="My Active Cases" parentSchemaName="incident" parentDisplayName="Case" solution="msdynce_Service (9.0.5.56)" id="{00000000-0000-0000-00aa-000010001028}">
          <package>msdynce_ServiceAnchor (9.0.22121.1012)</package>
        </Required>
        <Dependent type="60" displayName="Contact - with Power BI" parentDisplayName="Contact" id="{96476b99-b5a0-ed11-aad1-000d3a8d942a}" />
      </MissingDependency>
      <MissingDependency>
        <Required type="26" schemaName="My Open Opportunities" displayName="My Open Opportunities" parentSchemaName="opportunity" parentDisplayName="Opportunity" solution="msdynce_Sales (9.0.4.0076)" id="{00000000-0000-0000-00aa-000010003000}">
          <package>msdynce_SalesAnchor (9.0.22121.10009)</package>
        </Required>
        <Dependent type="60" displayName="Contact - with Power BI" parentDisplayName="Contact" id="{96476b99-b5a0-ed11-aad1-000d3a8d942a}" />
      </MissingDependency>
      <MissingDependency>
        <Required type="26" schemaName="Open Opportunities" displayName="Open Opportunities" parentSchemaName="opportunity" parentDisplayName="Opportunity" solution="msdynce_Sales (9.0.4.0076)" id="{00000000-0000-0000-00aa-000010003001}">
          <package>msdynce_SalesAnchor (9.0.22121.10009)</package>
        </Required>
        <Dependent type="60" displayName="Account - with Power BI" parentDisplayName="Account" id="{e1fb9f98-4f72-ed11-9562-000d3a8d942a}" />
      </MissingDependency>
      <MissingDependency>
        <Required type="26" schemaName="Closed Opportunities" displayName="Closed Opportunities" parentSchemaName="opportunity" parentDisplayName="Opportunity" solution="msdynce_Sales (9.0.4.0076)" id="{00000000-0000-0000-00aa-000010003006}">
          <package>msdynce_SalesAnchor (9.0.22121.10009)</package>
        </Required>
        <Dependent type="80" schemaName="pbi_ContosoSalesPowerBIDemoApp" displayName="Contoso Sales Power BI Demo App" />
      </MissingDependency>
      <MissingDependency>
        <Required type="26" schemaName="Lost Opportunities" displayName="Lost Opportunities" parentSchemaName="opportunity" parentDisplayName="Opportunity" solution="msdynce_Sales (9.0.4.0076)" id="{5bd2527c-a882-de11-9ff3-00155da3b012}">
          <package>msdynce_SalesAnchor (9.0.22121.10009)</package>
        </Required>
        <Dependent type="80" schemaName="pbi_ContosoSalesPowerBIDemoApp" displayName="Contoso Sales Power BI Demo App" />
      </MissingDependency>
      <MissingDependency>
        <Required type="26" schemaName="All Accounts" displayName="All Accounts" parentSchemaName="account" parentDisplayName="Account" solution="msdynce_AppCommon (9.0.4.0066)" id="{65ffaf9a-e8c5-432d-860b-32f841b00d87}">
          <package>msdynce_AppCommonAnchor (9.0.22121.10001)</package>
        </Required>
        <Dependent type="80" schemaName="pbi_ContosoSalesPowerBIDemoApp" displayName="Contoso Sales Power BI Demo App" />
      </MissingDependency>
      <MissingDependency>
        <Required type="26" schemaName="My Campaigns" displayName="My Campaigns" parentSchemaName="campaign" parentDisplayName="Campaign" solution="msdynce_Marketing (9.0.4.37)" id="{7f68a34b-26f1-430f-b3ef-7079f2925c69}">
          <package>msdynce_MarketingAnchor (9.0.22121.10001)</package>
        </Required>
        <Dependent type="80" schemaName="pbi_ContosoSalesPowerBIDemoApp" displayName="Contoso Sales Power BI Demo App" />
      </MissingDependency>
      <MissingDependency>
        <Required type="26" schemaName="All Campaigns and Campaign Templates" displayName="All Campaigns and Campaign Templates" parentSchemaName="campaign" parentDisplayName="Campaign" solution="msdynce_Marketing (9.0.4.37)" id="{8ebce151-8451-490d-a8db-59fff97949e8}">
          <package>msdynce_MarketingAnchor (9.0.22121.10001)</package>
        </Required>
        <Dependent type="80" schemaName="pbi_ContosoSalesPowerBIDemoApp" displayName="Contoso Sales Power BI Demo App" />
      </MissingDependency>
      <MissingDependency>
        <Required type="26" schemaName="Recent Opportunities" displayName="Recent Opportunities" parentSchemaName="opportunity" parentDisplayName="Opportunity" solution="msdynce_Sales (9.0.4.0076)" id="{9c3f7ee8-eca7-e211-9fb6-00155dd0ea05}">
          <package>msdynce_SalesAnchor (9.0.22121.10009)</package>
        </Required>
        <Dependent type="60" displayName="Contact - with Power BI" parentDisplayName="Contact" id="{96476b99-b5a0-ed11-aad1-000d3a8d942a}" />
      </MissingDependency>
      <MissingDependency>
        <Required type="26" schemaName="Recent Opportunities" displayName="Recent Opportunities" parentSchemaName="opportunity" parentDisplayName="Opportunity" solution="msdynce_Sales (9.0.4.0076)" id="{9c3f7ee8-eca7-e211-9fb6-00155dd0ea05}">
          <package>msdynce_SalesAnchor (9.0.22121.10009)</package>
        </Required>
        <Dependent type="60" displayName="Account - with Power BI" parentDisplayName="Account" id="{e1fb9f98-4f72-ed11-9562-000d3a8d942a}" />
      </MissingDependency>
      <MissingDependency>
        <Required type="26" schemaName="All Entitlements" displayName="All Entitlements" parentSchemaName="entitlement" parentDisplayName="Entitlement" solution="msdynce_Service (9.0.5.56)" id="{aa69e7e2-913a-4a5a-8609-8ca443554909}">
          <package>msdynce_ServiceAnchor (9.0.22121.1012)</package>
        </Required>
        <Dependent type="60" displayName="Contact - with Power BI" parentDisplayName="Contact" id="{96476b99-b5a0-ed11-aad1-000d3a8d942a}" />
      </MissingDependency>
      <MissingDependency>
        <Required type="26" schemaName="All Opportunities" displayName="All Opportunities" parentSchemaName="opportunity" parentDisplayName="Opportunity" solution="msdynce_Sales (9.0.4.0076)" id="{c6f6fc1b-1b3e-e711-80e1-00155d871bb4}">
          <package>msdynce_SalesAnchor (9.0.22121.10009)</package>
        </Required>
        <Dependent type="60" displayName="Account - with Power BI" parentDisplayName="Account" id="{e1fb9f98-4f72-ed11-9562-000d3a8d942a}" />
      </MissingDependency>
      <MissingDependency>
        <Required type="26" schemaName="All Opportunities" displayName="All Opportunities" parentSchemaName="opportunity" parentDisplayName="Opportunity" solution="msdynce_Sales (9.0.4.0076)" id="{c6f6fc1b-1b3e-e711-80e1-00155d871bb4}">
          <package>msdynce_SalesAnchor (9.0.22121.10009)</package>
        </Required>
        <Dependent type="80" schemaName="pbi_ContosoSalesPowerBIDemoApp" displayName="Contoso Sales Power BI Demo App" />
      </MissingDependency>
      <MissingDependency>
        <Required type="26" schemaName="Launched Campaigns" displayName="Launched Campaigns" parentSchemaName="campaign" parentDisplayName="Campaign" solution="msdynce_Marketing (9.0.4.37)" id="{e0ae0e28-bae2-41e8-bc76-adc046eb6987}">
          <package>msdynce_MarketingAnchor (9.0.22121.10001)</package>
        </Required>
        <Dependent type="80" schemaName="pbi_ContosoSalesPowerBIDemoApp" displayName="Contoso Sales Power BI Demo App" />
      </MissingDependency>
      <MissingDependency>
        <Required type="26" schemaName="Recent Cases" displayName="Recent Cases" parentSchemaName="incident" parentDisplayName="Case" solution="msdynce_Service (9.0.5.56)" id="{ebd1d24a-eea7-e211-9fb6-00155dd0ea05}">
          <package>msdynce_ServiceAnchor (9.0.22121.1012)</package>
        </Required>
        <Dependent type="60" displayName="Contact - with Power BI" parentDisplayName="Contact" id="{96476b99-b5a0-ed11-aad1-000d3a8d942a}" />
      </MissingDependency>
      <MissingDependency>
        <Required type="26" schemaName="Won Opportunities" displayName="Won Opportunities" parentSchemaName="opportunity" parentDisplayName="Opportunity" solution="msdynce_Sales (9.0.4.0076)" id="{f73a5bef-a782-de11-9ff3-00155da3b012}">
          <package>msdynce_SalesAnchor (9.0.22121.10009)</package>
        </Required>
        <Dependent type="60" displayName="Account - with Power BI" parentDisplayName="Account" id="{e1fb9f98-4f72-ed11-9562-000d3a8d942a}" />
      </MissingDependency>
      <MissingDependency>
        <Required type="26" schemaName="Won Opportunities" displayName="Won Opportunities" parentSchemaName="opportunity" parentDisplayName="Opportunity" solution="msdynce_Sales (9.0.4.0076)" id="{f73a5bef-a782-de11-9ff3-00155da3b012}">
          <package>msdynce_SalesAnchor (9.0.22121.10009)</package>
        </Required>
        <Dependent type="80" schemaName="pbi_ContosoSalesPowerBIDemoApp" displayName="Contoso Sales Power BI Demo App" />
      </MissingDependency>
      <MissingDependency>
        <Required type="59" schemaName="Top Customers" displayName="Top Customers" parentSchemaName="opportunity" parentDisplayName="Opportunity" solution="msdynce_Sales (9.0.4.0076)" id="{8bc5fb18-48f2-4782-9e16-3d452fa4ddce}">
          <package>msdynce_SalesAnchor (9.0.22121.10009)</package>
        </Required>
        <Dependent type="60" displayName="Contact - with Power BI" parentDisplayName="Contact" id="{96476b99-b5a0-ed11-aad1-000d3a8d942a}" />
      </MissingDependency>
      <MissingDependency>
        <Required type="59" schemaName="Top Customers" displayName="Top Customers" parentSchemaName="opportunity" parentDisplayName="Opportunity" solution="msdynce_Sales (9.0.4.0076)" id="{8bc5fb18-48f2-4782-9e16-3d452fa4ddce}">
          <package>msdynce_SalesAnchor (9.0.22121.10009)</package>
        </Required>
        <Dependent type="60" displayName="Account - with Power BI" parentDisplayName="Account" id="{e1fb9f98-4f72-ed11-9562-000d3a8d942a}" />
      </MissingDependency>
      <MissingDependency>
        <Required type="59" schemaName="Case Mix (By Business Unit)" displayName="Case Mix (By Business Unit)" parentSchemaName="incident" parentDisplayName="Case" solution="msdynce_Service (9.0.5.56)" id="{f10375a6-4893-de11-97d4-00155da3b01e}">
          <package>msdynce_ServiceAnchor (9.0.22121.1012)</package>
        </Required>
        <Dependent type="60" displayName="Contact - with Power BI" parentDisplayName="Contact" id="{96476b99-b5a0-ed11-aad1-000d3a8d942a}" />
      </MissingDependency>
      <MissingDependency>
        <Required type="59" schemaName="Entitlements Expiration" displayName="Entitlements Expiration" parentSchemaName="entitlement" parentDisplayName="Entitlement" solution="msdynce_Service (9.0.5.56)" id="{fdb919bb-c6fc-4fc8-8fa5-67ace68e41d1}">
          <package>msdynce_ServiceAnchor (9.0.22121.1012)</package>
        </Required>
        <Dependent type="60" displayName="Contact - with Power BI" parentDisplayName="Contact" id="{96476b99-b5a0-ed11-aad1-000d3a8d942a}" />
      </MissingDependency>
      <MissingDependency>
        <Required type="60" displayName="Power Opportunity" parentDisplayName="Opportunity" solution="Active" id="{1352a0b8-cb78-ed11-81ad-000d3a8d942a}" />
        <Dependent type="80" schemaName="pbi_ContosoSalesPowerBIDemoApp" displayName="Contoso Sales Power BI Demo App" />
      </MissingDependency>
      <MissingDependency>
        <Required type="60" displayName="account contact card" parentDisplayName="Contact" solution="msdynce_AppCommon (9.0.4.0066)" id="{29de27bc-a257-4f29-99cf-bab4a84e688f}">
          <package>msdynce_AppCommonAnchor (9.0.22121.10001)</package>
        </Required>
        <Dependent type="60" displayName="Contact - with Power BI" parentDisplayName="Contact" id="{96476b99-b5a0-ed11-aad1-000d3a8d942a}" />
      </MissingDependency>
      <MissingDependency>
        <Required type="61" schemaName="msdyn_/Contact/Contact.Library.js" displayName="msdyn_/Contact/Contact.Library.js" solution="FieldService (8.8.0.88)" />
        <Dependent type="60" displayName="Contact - with Power BI" parentDisplayName="Contact" id="{96476b99-b5a0-ed11-aad1-000d3a8d942a}" />
      </MissingDependency>
      <MissingDependency>
        <Required type="61" schemaName="msdyn_/Libraries/require/require.js" displayName="msdyn_/Libraries/require/require.js" solution="ProjectService (3.10.0.31)" />
        <Dependent type="60" displayName="User with Sales Analytics" parentDisplayName="User" id="{2277a0e4-9f79-ed11-81ad-000d3a8d942a}" />
      </MissingDependency>
      <MissingDependency>
        <Required type="61" schemaName="msdyn_/User/FieldService.SystemUser.js" displayName="msdyn_/User/FieldService.SystemUser.js" solution="FieldService (8.8.0.88)" />
        <Dependent type="60" displayName="User with Sales Analytics" parentDisplayName="User" id="{2277a0e4-9f79-ed11-81ad-000d3a8d942a}" />
      </MissingDependency>
      <MissingDependency>
        <Required type="61" schemaName="msdyn_capacityprofileSubgridActions.js" displayName="msdyn_capacityprofileSubgridActions.js" solution="OCBaseURBase (1.0.0.3605)" />
        <Dependent type="60" displayName="User with Sales Analytics" parentDisplayName="User" id="{2277a0e4-9f79-ed11-81ad-000d3a8d942a}" />
      </MissingDependency>
      <MissingDependency>
        <Required type="61" schemaName="msdyn_OmnichannelBotEnabler/msdyn_BotUser.js" displayName="msdyn_OmnichannelBotEnabler/msdyn_BotUser.js" solution="msdyn_OmnichannelBotEnablerPatch (1.5.16.55)" />
        <Dependent type="60" displayName="User with Sales Analytics" parentDisplayName="User" id="{2277a0e4-9f79-ed11-81ad-000d3a8d942a}" />
      </MissingDependency>
      <MissingDependency>
        <Required type="61" schemaName="msdyn_talkingpointsloader.js" displayName="msdyn_talkingpointsloader.js" solution="msdynce_Talkingpoints (9.0.1.701894)">
          <package>msdynce_SalesInsightsAnchor (9.0.22121.10002)</package>
        </Required>
        <Dependent type="60" displayName="Contact - with Power BI" parentDisplayName="Contact" id="{96476b99-b5a0-ed11-aad1-000d3a8d942a}" />
      </MissingDependency>
      <MissingDependency>
        <Required type="61" schemaName="msdyn_userSettings.js" displayName="msdyn_userSettings.js" solution="OmnichannelBase (1.5.0.5879)" />
        <Dependent type="60" displayName="User with Sales Analytics" parentDisplayName="User" id="{2277a0e4-9f79-ed11-81ad-000d3a8d942a}" />
      </MissingDependency>
      <MissingDependency>
        <Required type="61" schemaName="Sales/_imgs/productgrid/SalesTerritories.svg" displayName="Sales/_imgs/productgrid/SalesTerritories.svg" solution="msdynce_SalesPatch (9.0.1904.3002)">
          <package>msdynce_SalesAnchor (9.0.22121.10009)</package>
        </Required>
        <Dependent type="62" schemaName="pbi_ContosoSalesPowerBIDemoApp" />
      </MissingDependency>
      <MissingDependency>
        <Required type="66" schemaName="Intelligence.BusinessCardReaderControl.BusinessCardReader" displayName="Intelligence.BusinessCardReaderControl.BusinessCardReader" solution="BaseCustomControlsCore (9.0.2212.2013)" />
        <Dependent type="60" displayName="Contact - with Power BI" parentDisplayName="Contact" id="{96476b99-b5a0-ed11-aad1-000d3a8d942a}" />
      </MissingDependency>
      <MissingDependency>
        <Required type="66" schemaName="Microsoft.AddressInputUCI" displayName="Microsoft.AddressInputUCI" solution="BaseCustomControlsCore (9.0.2212.2013)" />
        <Dependent type="60" displayName="Contact - with Power BI" parentDisplayName="Contact" id="{96476b99-b5a0-ed11-aad1-000d3a8d942a}" />
      </MissingDependency>
      <MissingDependency>
        <Required type="66" schemaName="MscrmControls.CardFeedContainer.CardFeedContainer" displayName="MscrmControls.CardFeedContainer.CardFeedContainer" solution="BaseCustomControlsCore (9.0.2212.2013)" />
        <Dependent type="60" displayName="Contact - with Power BI" parentDisplayName="Contact" id="{96476b99-b5a0-ed11-aad1-000d3a8d942a}" />
      </MissingDependency>
      <MissingDependency>
        <Required type="66" schemaName="MscrmControls.PowerBIPCFControl" displayName="MscrmControls.PowerBIPCFControl" solution="BaseCustomControlsCore (9.0.2212.2013)" />
        <Dependent type="60" displayName="User with Sales Analytics" parentDisplayName="User" id="{2277a0e4-9f79-ed11-81ad-000d3a8d942a}" />
      </MissingDependency>
      <MissingDependency>
        <Required type="66" schemaName="MscrmControls.PowerBIPCFControl" displayName="MscrmControls.PowerBIPCFControl" solution="BaseCustomControlsCore (9.0.2212.2013)" />
        <Dependent type="60" displayName="Contact - with Power BI" parentDisplayName="Contact" id="{96476b99-b5a0-ed11-aad1-000d3a8d942a}" />
      </MissingDependency>
      <MissingDependency>
        <Required type="66" schemaName="MscrmControls.PowerBIPCFControl" displayName="MscrmControls.PowerBIPCFControl" solution="BaseCustomControlsCore (9.0.2212.2013)" />
        <Dependent type="60" displayName="Account - with Power BI" parentDisplayName="Account" id="{e1fb9f98-4f72-ed11-9562-000d3a8d942a}" />
      </MissingDependency>
      <MissingDependency>
        <Required type="SettingDefinition" displayName="AsyncOnLoad" solution="SettingDefinitionsData (9.1.22112.221109001)" id.uniquename="AsyncOnLoad" />
        <Dependent type="AppSetting" displayName="parentappmoduleid.uniquename=pbi_ContosoSalesPowerBIDemoApp,settingdefinitionid.uniquename=AsyncOnLoad" id.parentappmoduleid.uniquename="pbi_ContosoSalesPowerBIDemoApp" id.settingdefinitionid.uniquename="AsyncOnLoad" />
      </MissingDependency>
      <MissingDependency>
        <Required type="SettingDefinition" displayName="AsyncOnSave" solution="SettingDefinitionsData (9.1.22112.221109001)" id.uniquename="AsyncOnSave" />
        <Dependent type="AppSetting" displayName="parentappmoduleid.uniquename=pbi_ContosoSalesPowerBIDemoApp,settingdefinitionid.uniquename=AsyncOnSave" id.parentappmoduleid.uniquename="pbi_ContosoSalesPowerBIDemoApp" id.settingdefinitionid.uniquename="AsyncOnSave" />
      </MissingDependency>
    </MissingDependencies>
  </SolutionManifest>
</ImportExportXml>