<powerbireport uniquename="pbi_2cc12193ee51475e90129a7fef95a9cc">
  <datasetid>
    <uniquename>new_dataset_a482ab4b-ad74-493b-b6ca-671c58182949</uniquename>
  </datasetid>
  <etag>638191083310470000</etag>
  <importpowerbicomponentsequencenumber>638179468913181202</importpowerbicomponentsequencenumber>
  <iscustomizable>1</iscustomizable>
  <name>Dynamics 365 Sales</name>
  <package mimetype="application/zip">package.pbipkg</package>
  <reportobjectid>e352deb5-d173-4880-b7e8-62c55259189f</reportobjectid>
  <reportoriginalobjectid>3d28d2cd-9868-4047-8eb8-91fe953f67eb</reportoriginalobjectid>
  <statecode>0</statecode>
  <statuscode>1</statuscode>
  <workspaceobjectid>006e4573-3a1f-42e7-9d9f-d29dd32aabfd</workspaceobjectid>
</powerbireport>