<powerbireport uniquename="pbi_2cc12193ee51475e90129a7fef95a9cc">
  <datasetid>
    <uniquename>new_dataset_a482ab4b-ad74-493b-b6ca-671c58182949</uniquename>
  </datasetid>
  <importpowerbicomponentsequencenumber>638176350882861348</importpowerbicomponentsequencenumber>
  <iscustomizable>1</iscustomizable>
  <name>Dynamics 365 Sales</name>
  <package mimetype="application/zip">package.pbipkg</package>
  <reportoriginalobjectid>3d28d2cd-9868-4047-8eb8-91fe953f67eb</reportoriginalobjectid>
  <statecode>0</statecode>
  <statuscode>1</statuscode>
  <workspaceobjectid>5a2672bd-509f-426a-968f-3d91d90c24e0</workspaceobjectid>
</powerbireport>