<powerbidataset uniquename="new_dataset_7a25054c-2d88-4bc8-89fe-8e3ac787dacd">
  <datasetobjectid>db996047-562f-4e3b-8bc5-361f37b3f601</datasetobjectid>
  <datasetoriginalobjectid>ba0425b8-3f07-4795-94b0-054d49b9aafd</datasetoriginalobjectid>
  <dataverseconnectionupdateenabled>1</dataverseconnectionupdateenabled>
  <importpowerbicomponentsequencenumber>638107954016031132</importpowerbicomponentsequencenumber>
  <iscustomizable>1</iscustomizable>
  <name>Contoso Sales - Customer</name>
  <package mimetype="application/zip">package.pbipkg</package>
  <statecode>0</statecode>
  <statuscode>1</statuscode>
  <workspaceobjectid>c45f7e88-a733-4288-8679-d8b3f0e1035e</workspaceobjectid>
</powerbidataset>