<powerbireport uniquename="pbi_cdcd5fec970044feaa880fac20e48360">
  <datasetid>
    <uniquename>new_dataset_5c050c0d-d902-40be-962c-46c94725ed8f</uniquename>
  </datasetid>
  <importpowerbicomponentsequencenumber>638179468910212338</importpowerbicomponentsequencenumber>
  <iscustomizable>1</iscustomizable>
  <name>Dynamics 365 Sales - Campaign</name>
  <package mimetype="application/zip">package.pbipkg</package>
  <reportobjectid>09b1a7ab-be10-4516-9ac1-53cf2b18a143</reportobjectid>
  <reportoriginalobjectid>a229617f-c75b-4834-b12f-0422532f40ec</reportoriginalobjectid>
  <statecode>0</statecode>
  <statuscode>1</statuscode>
  <workspaceobjectid>006e4573-3a1f-42e7-9d9f-d29dd32aabfd</workspaceobjectid>
</powerbireport>