<powerbireport uniquename="pbi_7364429c3b914241b8dc26f7a7133fe6">
  <datasetid>
    <uniquename>new_dataset_c2c4e178-b201-4861-a1d7-0f08dc6da668</uniquename>
  </datasetid>
  <etag>638112945270000000</etag>
  <importpowerbicomponentsequencenumber>638112945052395154</importpowerbicomponentsequencenumber>
  <iscustomizable>1</iscustomizable>
  <name>Contoso Sales - Owner</name>
  <package mimetype="application/zip">package.pbipkg</package>
  <reportobjectid>50dccc10-63e9-4f1a-b5c1-a681dffd17bb</reportobjectid>
  <reportoriginalobjectid>29cd5df8-7606-42d2-938a-b447aeac5103</reportoriginalobjectid>
  <statecode>0</statecode>
  <statuscode>1</statuscode>
  <workspaceobjectid>0d1209a5-da9e-4057-af1c-e58a77c47e66</workspaceobjectid>
</powerbireport>