<powerbidataset uniquename="new_dataset_2f6ca19f-15ff-4b73-b468-692c909e7e50">
  <datasetobjectid>ec0c5bed-3be1-4f3a-85bf-7aaedface35c</datasetobjectid>
  <datasetoriginalobjectid>aff5f661-4716-45fb-8e5a-df78eab06278</datasetoriginalobjectid>
  <dataverseconnectionupdateenabled>0</dataverseconnectionupdateenabled>
  <importpowerbicomponentsequencenumber>638107954011968570</importpowerbicomponentsequencenumber>
  <iscustomizable>1</iscustomizable>
  <name>Contoso Sales</name>
  <package mimetype="application/zip">package.pbipkg</package>
  <statecode>0</statecode>
  <statuscode>1</statuscode>
  <workspaceobjectid>c45f7e88-a733-4288-8679-d8b3f0e1035e</workspaceobjectid>
</powerbidataset>