<powerbireport uniquename="pbi_bbde10abca64494ba48cf6e72ed39f65">
  <datasetid>
    <uniquename>new_dataset_7a25054c-2d88-4bc8-89fe-8e3ac787dacd</uniquename>
  </datasetid>
  <etag>638060636296870000</etag>
  <importpowerbicomponentsequencenumber>638060251903725436</importpowerbicomponentsequencenumber>
  <iscustomizable>1</iscustomizable>
  <name>Contoso Sales - Customer</name>
  <package mimetype="application/zip">package.pbipkg</package>
  <reportobjectid>48607510-6a5c-401c-b78f-1e76ba1a4abf</reportobjectid>
  <reportoriginalobjectid>b6fe4d75-9a40-49d7-b30f-9250b308309e</reportoriginalobjectid>
  <statecode>0</statecode>
  <statuscode>1</statuscode>
  <workspaceobjectid>dbd3875d-4a39-4245-b48d-ef9cddba192c</workspaceobjectid>
</powerbireport>