<environmentvariabledefinition schemaname="pbi_PBI_MonthsOfHistory">
  <description default="How many months of closed opportunities should be retrieved based on 'actual closed date'? (All open opportunities are retrieved regardless of date.)">
    <label description="How many months of closed opportunities should be retrieved based on 'actual closed date'? (All open opportunities are retrieved regardless of date.)" languagecode="1033" />
  </description>
  <displayname default="PBI_MonthsOfHistory">
    <label description="PBI_MonthsOfHistory" languagecode="1033" />
  </displayname>
  <introducedversion>1.0.0.1</introducedversion>
  <iscustomizable>1</iscustomizable>
  <isrequired>0</isrequired>
  <secretstore>0</secretstore>
  <type>100000001</type>
</environmentvariabledefinition>