<powerbidataset uniquename="new_dataset_563374f7-bf7c-4efc-965d-200b1a9e0d92">
  <datasetobjectid>c7a4bdde-e46e-49a6-809b-c275bebc3a02</datasetobjectid>
  <datasetoriginalobjectid>8df6ba5c-cf86-42d7-a234-7026869e6465</datasetoriginalobjectid>
  <dataverseconnectionupdateenabled>0</dataverseconnectionupdateenabled>
  <importpowerbicomponentsequencenumber>638179468897243211</importpowerbicomponentsequencenumber>
  <iscustomizable>1</iscustomizable>
  <name>Dynamics 365 Sales - Owner</name>
  <package mimetype="application/zip">package.pbipkg</package>
  <statecode>0</statecode>
  <statuscode>1</statuscode>
  <workspaceobjectid>006e4573-3a1f-42e7-9d9f-d29dd32aabfd</workspaceobjectid>
</powerbidataset>