<powerbireport uniquename="pbi_bbde10abca64494ba48cf6e72ed39f65">
  <datasetid>
    <uniquename>new_dataset_7a25054c-2d88-4bc8-89fe-8e3ac787dacd</uniquename>
  </datasetid>
  <etag>638061334655630000</etag>
  <importpowerbicomponentsequencenumber>638061325117517181</importpowerbicomponentsequencenumber>
  <iscustomizable>1</iscustomizable>
  <name>Contoso Sales - Customer</name>
  <package mimetype="application/zip">package.pbipkg</package>
  <reportobjectid>ae48553b-3398-41c4-a5cd-2995785c1d69</reportobjectid>
  <reportoriginalobjectid>b6fe4d75-9a40-49d7-b30f-9250b308309e</reportoriginalobjectid>
  <statecode>0</statecode>
  <statuscode>1</statuscode>
  <workspaceobjectid>dbd3875d-4a39-4245-b48d-ef9cddba192c</workspaceobjectid>
</powerbireport>