<powerbidataset uniquename="new_dataset_5c050c0d-d902-40be-962c-46c94725ed8f">
  <datasetobjectid>bb63651a-c178-4c22-9b4c-d6874e767cea</datasetobjectid>
  <datasetoriginalobjectid>c0ad89de-ffbb-4571-a9e6-d50717ff8854</datasetoriginalobjectid>
  <dataverseconnectionupdateenabled>0</dataverseconnectionupdateenabled>
  <importpowerbicomponentsequencenumber>638179468899430840</importpowerbicomponentsequencenumber>
  <iscustomizable>1</iscustomizable>
  <name>Dynamics 365 Sales - Campaign</name>
  <package mimetype="application/zip">package.pbipkg</package>
  <statecode>0</statecode>
  <statuscode>1</statuscode>
  <workspaceobjectid>006e4573-3a1f-42e7-9d9f-d29dd32aabfd</workspaceobjectid>
</powerbidataset>