<powerbireport uniquename="pbi_2309d16561b24bfdbef919fa1e273da8">
  <datasetid>
    <uniquename>new_dataset_2f6ca19f-15ff-4b73-b468-692c909e7e50</uniquename>
  </datasetid>
  <etag>638113766608800000</etag>
  <importpowerbicomponentsequencenumber>638112945050988892</importpowerbicomponentsequencenumber>
  <iscustomizable>1</iscustomizable>
  <name>Contoso Sales</name>
  <package mimetype="application/zip">package.pbipkg</package>
  <reportobjectid>3f354668-fa49-4e3c-923c-a0a0eaf59438</reportobjectid>
  <reportoriginalobjectid>b970da4a-f3a9-42f9-850c-1890323fb0b7</reportoriginalobjectid>
  <statecode>0</statecode>
  <statuscode>1</statuscode>
  <workspaceobjectid>0d1209a5-da9e-4057-af1c-e58a77c47e66</workspaceobjectid>
</powerbireport>