<powerbireport uniquename="pbi_6fd1349c37264351a252ea0b9b29e628">
  <datasetid>
    <uniquename>new_dataset_563374f7-bf7c-4efc-965d-200b1a9e0d92</uniquename>
  </datasetid>
  <etag>638190650114900000</etag>
  <importpowerbicomponentsequencenumber>638179468914431230</importpowerbicomponentsequencenumber>
  <iscustomizable>1</iscustomizable>
  <name>Dynamics 365 Sales - Owner</name>
  <package mimetype="application/zip">package.pbipkg</package>
  <reportobjectid>50ca3772-d28a-4aa8-9ad6-2ee29b51a698</reportobjectid>
  <reportoriginalobjectid>a0354bc1-2f8d-40d2-92ab-f5aef54c5315</reportoriginalobjectid>
  <statecode>0</statecode>
  <statuscode>1</statuscode>
  <workspaceobjectid>006e4573-3a1f-42e7-9d9f-d29dd32aabfd</workspaceobjectid>
</powerbireport>