<ImportExportXml version="9.2.22104.224" SolutionPackageVersion="9.2" languagecode="1033" generatedBy="CrmLive" xmlns:xsi="http://www.w3.org/2001/XMLSchema-instance">
  <SolutionManifest>
    <UniqueName>ContosoSalesDemo</UniqueName>
    <LocalizedNames>
      <LocalizedName description="Contoso Sales Demo" languagecode="1033" />
    </LocalizedNames>
    <Descriptions />
    <Version>1.0.0.4</Version>
    <Managed>1</Managed>
    <Publisher>
      <UniqueName>PowerBI</UniqueName>
      <LocalizedNames>
        <LocalizedName description="Power BI" languagecode="1033" />
      </LocalizedNames>
      <Descriptions />
      <EMailAddress xsi:nil="true"></EMailAddress>
      <SupportingWebsiteUrl xsi:nil="true"></SupportingWebsiteUrl>
      <CustomizationPrefix>pbi</CustomizationPrefix>
      <CustomizationOptionValuePrefix>88999</CustomizationOptionValuePrefix>
      <Addresses>
        <Address>
          <AddressNumber>1</AddressNumber>
          <AddressTypeCode>1</AddressTypeCode>
          <City xsi:nil="true"></City>
          <County xsi:nil="true"></County>
          <Country xsi:nil="true"></Country>
          <Fax xsi:nil="true"></Fax>
          <FreightTermsCode xsi:nil="true"></FreightTermsCode>
          <ImportSequenceNumber xsi:nil="true"></ImportSequenceNumber>
          <Latitude xsi:nil="true"></Latitude>
          <Line1 xsi:nil="true"></Line1>
          <Line2 xsi:nil="true"></Line2>
          <Line3 xsi:nil="true"></Line3>
          <Longitude xsi:nil="true"></Longitude>
          <Name xsi:nil="true"></Name>
          <PostalCode xsi:nil="true"></PostalCode>
          <PostOfficeBox xsi:nil="true"></PostOfficeBox>
          <PrimaryContactName xsi:nil="true"></PrimaryContactName>
          <ShippingMethodCode>1</ShippingMethodCode>
          <StateOrProvince xsi:nil="true"></StateOrProvince>
          <Telephone1 xsi:nil="true"></Telephone1>
          <Telephone2 xsi:nil="true"></Telephone2>
          <Telephone3 xsi:nil="true"></Telephone3>
          <TimeZoneRuleVersionNumber xsi:nil="true"></TimeZoneRuleVersionNumber>
          <UPSZone xsi:nil="true"></UPSZone>
          <UTCOffset xsi:nil="true"></UTCOffset>
          <UTCConversionTimeZoneCode xsi:nil="true"></UTCConversionTimeZoneCode>
        </Address>
        <Address>
          <AddressNumber>2</AddressNumber>
          <AddressTypeCode>1</AddressTypeCode>
          <City xsi:nil="true"></City>
          <County xsi:nil="true"></County>
          <Country xsi:nil="true"></Country>
          <Fax xsi:nil="true"></Fax>
          <FreightTermsCode xsi:nil="true"></FreightTermsCode>
          <ImportSequenceNumber xsi:nil="true"></ImportSequenceNumber>
          <Latitude xsi:nil="true"></Latitude>
          <Line1 xsi:nil="true"></Line1>
          <Line2 xsi:nil="true"></Line2>
          <Line3 xsi:nil="true"></Line3>
          <Longitude xsi:nil="true"></Longitude>
          <Name xsi:nil="true"></Name>
          <PostalCode xsi:nil="true"></PostalCode>
          <PostOfficeBox xsi:nil="true"></PostOfficeBox>
          <PrimaryContactName xsi:nil="true"></PrimaryContactName>
          <ShippingMethodCode>1</ShippingMethodCode>
          <StateOrProvince xsi:nil="true"></StateOrProvince>
          <Telephone1 xsi:nil="true"></Telephone1>
          <Telephone2 xsi:nil="true"></Telephone2>
          <Telephone3 xsi:nil="true"></Telephone3>
          <TimeZoneRuleVersionNumber xsi:nil="true"></TimeZoneRuleVersionNumber>
          <UPSZone xsi:nil="true"></UPSZone>
          <UTCOffset xsi:nil="true"></UTCOffset>
          <UTCConversionTimeZoneCode xsi:nil="true"></UTCConversionTimeZoneCode>
        </Address>
      </Addresses>
    </Publisher>
    <RootComponents>
      <RootComponent type="1" schemaName="account" behavior="1" />
      <RootComponent type="60" id="{bd41c1e6-5272-ed11-9562-000d3a8d942a}" behavior="0" />
      <RootComponent type="61" schemaName="pbi_Power_BI.svg" behavior="0" />
      <RootComponent type="62" schemaName="pbi_ContosoSalesPowerBIDemoApp" behavior="0" />
      <RootComponent type="80" schemaName="pbi_ContosoSalesPowerBIDemoApp" behavior="0" />
    </RootComponents>
    <MissingDependencies>
      <MissingDependency>
        <Required type="1" schemaName="campaign" displayName="Campaign" solution="msdynce_Marketing (9.0.4.37)" />
        <Dependent type="62" schemaName="pbi_ContosoSalesPowerBIDemoApp" />
      </MissingDependency>
      <MissingDependency>
        <Required type="1" schemaName="campaign" displayName="Campaign" solution="msdynce_Marketing (9.0.4.37)" />
        <Dependent type="80" schemaName="pbi_ContosoSalesPowerBIDemoApp" displayName="Contoso Sales Power BI Demo App" />
      </MissingDependency>
      <MissingDependency>
        <Required type="1" schemaName="opportunity" displayName="Opportunity" solution="msdynce_Sales (9.0.4.0076)">
          <package>msdynce_SalesAnchor (9.0.22103.10004)</package>
        </Required>
        <Dependent type="60" displayName="Account - with Power BI" parentDisplayName="Account" id="{e1fb9f98-4f72-ed11-9562-000d3a8d942a}" />
      </MissingDependency>
      <MissingDependency>
        <Required type="1" schemaName="opportunity" displayName="Opportunity" solution="msdynce_Sales (9.0.4.0076)">
          <package>msdynce_SalesAnchor (9.0.22103.10004)</package>
        </Required>
        <Dependent type="62" schemaName="pbi_ContosoSalesPowerBIDemoApp" />
      </MissingDependency>
      <MissingDependency>
        <Required type="1" schemaName="opportunity" displayName="Opportunity" solution="msdynce_Sales (9.0.4.0076)">
          <package>msdynce_SalesAnchor (9.0.22103.10004)</package>
        </Required>
        <Dependent type="80" schemaName="pbi_ContosoSalesPowerBIDemoApp" displayName="Contoso Sales Power BI Demo App" />
      </MissingDependency>
      <MissingDependency>
        <Required type="1" schemaName="territory" displayName="Territory" solution="msdynce_AppCommon (9.0.4.0066)" />
        <Dependent type="62" schemaName="pbi_ContosoSalesPowerBIDemoApp" />
      </MissingDependency>
      <MissingDependency>
        <Required type="1" schemaName="territory" displayName="Territory" solution="msdynce_AppCommon (9.0.4.0066)" />
        <Dependent type="80" schemaName="pbi_ContosoSalesPowerBIDemoApp" displayName="Contoso Sales Power BI Demo App" />
      </MissingDependency>
      <MissingDependency>
        <Required type="2" schemaName="originatingleadid" displayName="Originating Lead" parentSchemaName="account" parentDisplayName="Account" solution="msdynce_LeadManagement (9.0.4.0066)" />
        <Dependent type="60" displayName="Account - with Power BI" parentDisplayName="Account" id="{e1fb9f98-4f72-ed11-9562-000d3a8d942a}" />
      </MissingDependency>
      <MissingDependency>
        <Required type="26" schemaName="My Open Opportunities" displayName="My Open Opportunities" parentSchemaName="opportunity" parentDisplayName="Opportunity" solution="msdynce_Sales (9.0.4.0076)" id="{00000000-0000-0000-00aa-000010003000}">
          <package>msdynce_SalesAnchor (9.0.22103.10004)</package>
        </Required>
        <Dependent type="60" displayName="Account - with Power BI" parentDisplayName="Account" id="{e1fb9f98-4f72-ed11-9562-000d3a8d942a}" />
      </MissingDependency>
      <MissingDependency>
        <Required type="26" schemaName="Open Opportunities" displayName="Open Opportunities" parentSchemaName="opportunity" parentDisplayName="Opportunity" solution="msdynce_Sales (9.0.4.0076)" id="{00000000-0000-0000-00aa-000010003001}">
          <package>msdynce_SalesAnchor (9.0.22103.10004)</package>
        </Required>
        <Dependent type="80" schemaName="pbi_ContosoSalesPowerBIDemoApp" displayName="Contoso Sales Power BI Demo App" />
      </MissingDependency>
      <MissingDependency>
        <Required type="26" schemaName="Closed Opportunities" displayName="Closed Opportunities" parentSchemaName="opportunity" parentDisplayName="Opportunity" solution="msdynce_Sales (9.0.4.0076)" id="{00000000-0000-0000-00aa-000010003006}">
          <package>msdynce_SalesAnchor (9.0.22103.10004)</package>
        </Required>
        <Dependent type="80" schemaName="pbi_ContosoSalesPowerBIDemoApp" displayName="Contoso Sales Power BI Demo App" />
      </MissingDependency>
      <MissingDependency>
        <Required type="26" schemaName="All Accounts" displayName="All Accounts" parentSchemaName="account" parentDisplayName="Account" solution="msdynce_AppCommon (9.0.4.0066)" id="{65ffaf9a-e8c5-432d-860b-32f841b00d87}" />
        <Dependent type="80" schemaName="pbi_ContosoSalesPowerBIDemoApp" displayName="Contoso Sales Power BI Demo App" />
      </MissingDependency>
      <MissingDependency>
        <Required type="26" schemaName="My Campaigns" displayName="My Campaigns" parentSchemaName="campaign" parentDisplayName="Campaign" solution="msdynce_Marketing (9.0.4.37)" id="{7f68a34b-26f1-430f-b3ef-7079f2925c69}" />
        <Dependent type="80" schemaName="pbi_ContosoSalesPowerBIDemoApp" displayName="Contoso Sales Power BI Demo App" />
      </MissingDependency>
      <MissingDependency>
        <Required type="26" schemaName="All Campaigns and Campaign Templates" displayName="All Campaigns and Campaign Templates" parentSchemaName="campaign" parentDisplayName="Campaign" solution="msdynce_Marketing (9.0.4.37)" id="{8ebce151-8451-490d-a8db-59fff97949e8}" />
        <Dependent type="80" schemaName="pbi_ContosoSalesPowerBIDemoApp" displayName="Contoso Sales Power BI Demo App" />
      </MissingDependency>
      <MissingDependency>
        <Required type="26" schemaName="Recent Opportunities" displayName="Recent Opportunities" parentSchemaName="opportunity" parentDisplayName="Opportunity" solution="msdynce_Sales (9.0.4.0076)" id="{9c3f7ee8-eca7-e211-9fb6-00155dd0ea05}">
          <package>msdynce_SalesAnchor (9.0.22103.10004)</package>
        </Required>
        <Dependent type="60" displayName="Account - with Power BI" parentDisplayName="Account" id="{e1fb9f98-4f72-ed11-9562-000d3a8d942a}" />
      </MissingDependency>
      <MissingDependency>
        <Required type="26" schemaName="All Opportunities" displayName="All Opportunities" parentSchemaName="opportunity" parentDisplayName="Opportunity" solution="msdynce_Sales (9.0.4.0076)" id="{c6f6fc1b-1b3e-e711-80e1-00155d871bb4}">
          <package>msdynce_SalesAnchor (9.0.22103.10004)</package>
        </Required>
        <Dependent type="80" schemaName="pbi_ContosoSalesPowerBIDemoApp" displayName="Contoso Sales Power BI Demo App" />
      </MissingDependency>
      <MissingDependency>
        <Required type="26" schemaName="Launched Campaigns" displayName="Launched Campaigns" parentSchemaName="campaign" parentDisplayName="Campaign" solution="msdynce_Marketing (9.0.4.37)" id="{e0ae0e28-bae2-41e8-bc76-adc046eb6987}" />
        <Dependent type="80" schemaName="pbi_ContosoSalesPowerBIDemoApp" displayName="Contoso Sales Power BI Demo App" />
      </MissingDependency>
      <MissingDependency>
        <Required type="26" schemaName="Won Opportunities" displayName="Won Opportunities" parentSchemaName="opportunity" parentDisplayName="Opportunity" solution="msdynce_Sales (9.0.4.0076)" id="{f73a5bef-a782-de11-9ff3-00155da3b012}">
          <package>msdynce_SalesAnchor (9.0.22103.10004)</package>
        </Required>
        <Dependent type="80" schemaName="pbi_ContosoSalesPowerBIDemoApp" displayName="Contoso Sales Power BI Demo App" />
      </MissingDependency>
      <MissingDependency>
        <Required type="59" schemaName="Top Customers" displayName="Top Customers" parentSchemaName="opportunity" parentDisplayName="Opportunity" solution="msdynce_Sales (9.0.4.0076)" id="{8bc5fb18-48f2-4782-9e16-3d452fa4ddce}">
          <package>msdynce_SalesAnchor (9.0.22103.10004)</package>
        </Required>
        <Dependent type="60" displayName="Account - with Power BI" parentDisplayName="Account" id="{e1fb9f98-4f72-ed11-9562-000d3a8d942a}" />
      </MissingDependency>
      <MissingDependency>
        <Required type="60" displayName="account contact card" parentDisplayName="Contact" solution="msdynce_AppCommon (9.0.4.0066)" id="{29de27bc-a257-4f29-99cf-bab4a84e688f}" />
        <Dependent type="60" displayName="Account - with Power BI" parentDisplayName="Account" id="{e1fb9f98-4f72-ed11-9562-000d3a8d942a}" />
      </MissingDependency>
      <MissingDependency>
        <Required type="61" schemaName="Sales/_imgs/productgrid/SalesTerritories.svg" displayName="Sales/_imgs/productgrid/SalesTerritories.svg" solution="msdynce_SalesPatch (9.0.1904.3002)">
          <package>msdynce_SalesAnchor (9.0.22103.10004)</package>
        </Required>
        <Dependent type="62" schemaName="pbi_ContosoSalesPowerBIDemoApp" />
      </MissingDependency>
      <MissingDependency>
        <Required type="66" schemaName="MscrmControls.AcceleratedSales.CadenceWidgetControl" displayName="MscrmControls.AcceleratedSales.CadenceWidgetControl" solution="msdyn_acceleratedsales (9.1.22093.10008)" />
        <Dependent type="60" displayName="Account - with Power BI" parentDisplayName="Account" id="{e1fb9f98-4f72-ed11-9562-000d3a8d942a}" />
      </MissingDependency>
      <MissingDependency>
        <Required type="66" schemaName="MscrmControls.CardFeedContainer.CardFeedContainer" displayName="MscrmControls.CardFeedContainer.CardFeedContainer" solution="BaseCustomControlsCore (9.0.2210.4014)" />
        <Dependent type="60" displayName="Account - with Power BI" parentDisplayName="Account" id="{e1fb9f98-4f72-ed11-9562-000d3a8d942a}" />
      </MissingDependency>
      <MissingDependency>
        <Required type="66" schemaName="MscrmControls.PowerBIPCFControl" displayName="MscrmControls.PowerBIPCFControl" solution="BaseCustomControlsCore (9.0.2210.4014)" />
        <Dependent type="60" displayName="Account - with Power BI" parentDisplayName="Account" id="{e1fb9f98-4f72-ed11-9562-000d3a8d942a}" />
      </MissingDependency>
    </MissingDependencies>
  </SolutionManifest>
</ImportExportXml>