<powerbireport uniquename="pbi_7364429c3b914241b8dc26f7a7133fe6">
  <datasetid>
    <uniquename>new_dataset_c2c4e178-b201-4861-a1d7-0f08dc6da668</uniquename>
  </datasetid>
  <etag>638106230051100000</etag>
  <iscustomizable>1</iscustomizable>
  <name>Contoso Sales - Owner</name>
  <package mimetype="application/zip">package.pbipkg</package>
  <reportobjectid>8ba42f3f-bbf0-4890-a131-494322d27221</reportobjectid>
  <reportoriginalobjectid>29cd5df8-7606-42d2-938a-b447aeac5103</reportoriginalobjectid>
  <statecode>0</statecode>
  <statuscode>1</statuscode>
  <workspaceobjectid>dbd3875d-4a39-4245-b48d-ef9cddba192c</workspaceobjectid>
</powerbireport>