<powerbidataset uniquename="new_dataset_c2c4e178-b201-4861-a1d7-0f08dc6da668">
  <datasetobjectid>8eb18dab-cf48-42ea-87ea-1c449954b2bd</datasetobjectid>
  <datasetoriginalobjectid>0d0d70a6-939f-447e-97a5-48adb968ead1</datasetoriginalobjectid>
  <dataverseconnectionupdateenabled>0</dataverseconnectionupdateenabled>
  <importpowerbicomponentsequencenumber>638112945046301364</importpowerbicomponentsequencenumber>
  <iscustomizable>1</iscustomizable>
  <name>Contoso Sales - Owner</name>
  <package mimetype="application/zip">package.pbipkg</package>
  <statecode>0</statecode>
  <statuscode>1</statuscode>
  <workspaceobjectid>0d1209a5-da9e-4057-af1c-e58a77c47e66</workspaceobjectid>
</powerbidataset>