<powerbireport uniquename="pbi_0f21802743ed48929cae7f108e4d0544">
  <datasetid>
    <uniquename>new_dataset_251149f1-831c-452f-8c45-9e9965f95d0d</uniquename>
  </datasetid>
  <importpowerbicomponentsequencenumber>638176350884424090</importpowerbicomponentsequencenumber>
  <iscustomizable>1</iscustomizable>
  <name>Dynamics 365 Sales - Customer</name>
  <package mimetype="application/zip">package.pbipkg</package>
  <reportoriginalobjectid>7b229ee9-d2ab-4175-b612-9e27c029f5cc</reportoriginalobjectid>
  <statecode>0</statecode>
  <statuscode>1</statuscode>
  <workspaceobjectid>5a2672bd-509f-426a-968f-3d91d90c24e0</workspaceobjectid>
</powerbireport>