<powerbidataset uniquename="new_dataset_563374f7-bf7c-4efc-965d-200b1a9e0d92">
  <datasetoriginalobjectid>8df6ba5c-cf86-42d7-a234-7026869e6465</datasetoriginalobjectid>
  <dataverseconnectionupdateenabled>0</dataverseconnectionupdateenabled>
  <importpowerbicomponentsequencenumber>638176350881455122</importpowerbicomponentsequencenumber>
  <iscustomizable>1</iscustomizable>
  <name>Dynamics 365 Sales - Owner</name>
  <package mimetype="application/zip">package.pbipkg</package>
  <statecode>0</statecode>
  <statuscode>1</statuscode>
  <workspaceobjectid>5a2672bd-509f-426a-968f-3d91d90c24e0</workspaceobjectid>
</powerbidataset>