<powerbireport uniquename="pbi_6fd1349c37264351a252ea0b9b29e628">
  <datasetid>
    <uniquename>new_dataset_563374f7-bf7c-4efc-965d-200b1a9e0d92</uniquename>
  </datasetid>
  <importpowerbicomponentsequencenumber>638176350884892847</importpowerbicomponentsequencenumber>
  <iscustomizable>1</iscustomizable>
  <name>Dynamics 365 Sales - Owner</name>
  <package mimetype="application/zip">package.pbipkg</package>
  <reportoriginalobjectid>a0354bc1-2f8d-40d2-92ab-f5aef54c5315</reportoriginalobjectid>
  <statecode>0</statecode>
  <statuscode>1</statuscode>
  <workspaceobjectid>5a2672bd-509f-426a-968f-3d91d90c24e0</workspaceobjectid>
</powerbireport>