<powerbireport uniquename="pbi_0f21802743ed48929cae7f108e4d0544">
  <datasetid>
    <uniquename>new_dataset_251149f1-831c-452f-8c45-9e9965f95d0d</uniquename>
  </datasetid>
  <importpowerbicomponentsequencenumber>638179468907087376</importpowerbicomponentsequencenumber>
  <iscustomizable>1</iscustomizable>
  <name>Dynamics 365 Sales - Customer</name>
  <package mimetype="application/zip">package.pbipkg</package>
  <reportobjectid>3ad506d4-76a3-4b23-9a1c-6141ee2e9828</reportobjectid>
  <reportoriginalobjectid>7b229ee9-d2ab-4175-b612-9e27c029f5cc</reportoriginalobjectid>
  <statecode>0</statecode>
  <statuscode>1</statuscode>
  <workspaceobjectid>006e4573-3a1f-42e7-9d9f-d29dd32aabfd</workspaceobjectid>
</powerbireport>