<powerbidataset uniquename="new_dataset_251149f1-831c-452f-8c45-9e9965f95d0d">
  <datasetobjectid>f4e6999d-6257-45a1-afd4-5f196f32a0bb</datasetobjectid>
  <datasetoriginalobjectid>618cdadc-e1cf-4549-949d-b91c585554cf</datasetoriginalobjectid>
  <dataverseconnectionupdateenabled>0</dataverseconnectionupdateenabled>
  <importpowerbicomponentsequencenumber>638179468892555583</importpowerbicomponentsequencenumber>
  <iscustomizable>1</iscustomizable>
  <name>Dynamics 365 Sales - Customer</name>
  <package mimetype="application/zip">package.pbipkg</package>
  <statecode>0</statecode>
  <statuscode>1</statuscode>
  <workspaceobjectid>006e4573-3a1f-42e7-9d9f-d29dd32aabfd</workspaceobjectid>
</powerbidataset>