<powerbireport uniquename="pbi_2309d16561b24bfdbef919fa1e273da8">
  <datasetid>
    <uniquename>new_dataset_2f6ca19f-15ff-4b73-b468-692c909e7e50</uniquename>
  </datasetid>
  <etag>638058730905400000</etag>
  <importpowerbicomponentsequencenumber>638058730795194371</importpowerbicomponentsequencenumber>
  <iscustomizable>1</iscustomizable>
  <name>Contoso Sales</name>
  <package mimetype="application/zip">package.pbipkg</package>
  <reportobjectid>5bafc0a0-b2c8-4da9-beda-fa72412b8a85</reportobjectid>
  <reportoriginalobjectid>b970da4a-f3a9-42f9-850c-1890323fb0b7</reportoriginalobjectid>
  <statecode>0</statecode>
  <statuscode>1</statuscode>
  <workspaceobjectid>dbd3875d-4a39-4245-b48d-ef9cddba192c</workspaceobjectid>
</powerbireport>