<powerbidataset uniquename="new_dataset_a482ab4b-ad74-493b-b6ca-671c58182949">
  <datasetoriginalobjectid>f97623bd-e985-4da8-8aca-34a45893e120</datasetoriginalobjectid>
  <dataverseconnectionupdateenabled>0</dataverseconnectionupdateenabled>
  <importpowerbicomponentsequencenumber>638176350882236351</importpowerbicomponentsequencenumber>
  <iscustomizable>1</iscustomizable>
  <name>Dynamics 365 Sales</name>
  <package mimetype="application/zip">package.pbipkg</package>
  <statecode>0</statecode>
  <statuscode>1</statuscode>
  <workspaceobjectid>5a2672bd-509f-426a-968f-3d91d90c24e0</workspaceobjectid>
</powerbidataset>