<powerbidataset uniquename="new_dataset_7a25054c-2d88-4bc8-89fe-8e3ac787dacd">
  <datasetobjectid>5df57f4f-6148-4d59-a40c-d155163becdd</datasetobjectid>
  <datasetoriginalobjectid>ba0425b8-3f07-4795-94b0-054d49b9aafd</datasetoriginalobjectid>
  <dataverseconnectionupdateenabled>1</dataverseconnectionupdateenabled>
  <importpowerbicomponentsequencenumber>638061463110590249</importpowerbicomponentsequencenumber>
  <iscustomizable>1</iscustomizable>
  <name>Contoso Sales - Customer</name>
  <package mimetype="application/zip">package.pbipkg</package>
  <statecode>0</statecode>
  <statuscode>1</statuscode>
  <workspaceobjectid>dbd3875d-4a39-4245-b48d-ef9cddba192c</workspaceobjectid>
</powerbidataset>