<powerbidataset uniquename="new_dataset_c2c4e178-b201-4861-a1d7-0f08dc6da668">
  <datasetobjectid>9d32f9c2-6d6d-4763-9cd4-043ec6b49049</datasetobjectid>
  <datasetoriginalobjectid>0d0d70a6-939f-447e-97a5-48adb968ead1</datasetoriginalobjectid>
  <dataverseconnectionupdateenabled>0</dataverseconnectionupdateenabled>
  <iscustomizable>1</iscustomizable>
  <name>Contoso Sales - Owner</name>
  <package mimetype="application/zip">package.pbipkg</package>
  <statecode>0</statecode>
  <statuscode>1</statuscode>
  <workspaceobjectid>dbd3875d-4a39-4245-b48d-ef9cddba192c</workspaceobjectid>
</powerbidataset>