<ImportExportXml version="9.2.22123.204" SolutionPackageVersion="9.2" languagecode="1033" generatedBy="CrmLive" xmlns:xsi="http://www.w3.org/2001/XMLSchema-instance">
  <SolutionManifest>
    <UniqueName>ContosoSalesDemo</UniqueName>
    <LocalizedNames>
      <LocalizedName description="Contoso Sales Demo" languagecode="1033" />
    </LocalizedNames>
    <Descriptions />
    <Version>1.0.0.21</Version>
    <Managed>0</Managed>
    <Publisher>
      <UniqueName>PowerBI</UniqueName>
      <LocalizedNames>
        <LocalizedName description="Power BI" languagecode="1033" />
      </LocalizedNames>
      <Descriptions />
      <EMailAddress xsi:nil="true"></EMailAddress>
      <SupportingWebsiteUrl xsi:nil="true"></SupportingWebsiteUrl>
      <CustomizationPrefix>pbi</CustomizationPrefix>
      <CustomizationOptionValuePrefix>88999</CustomizationOptionValuePrefix>
      <Addresses>
        <Address>
          <AddressNumber>1</AddressNumber>
          <AddressTypeCode>1</AddressTypeCode>
          <City xsi:nil="true"></City>
          <County xsi:nil="true"></County>
          <Country xsi:nil="true"></Country>
          <Fax xsi:nil="true"></Fax>
          <FreightTermsCode xsi:nil="true"></FreightTermsCode>
          <ImportSequenceNumber xsi:nil="true"></ImportSequenceNumber>
          <Latitude xsi:nil="true"></Latitude>
          <Line1 xsi:nil="true"></Line1>
          <Line2 xsi:nil="true"></Line2>
          <Line3 xsi:nil="true"></Line3>
          <Longitude xsi:nil="true"></Longitude>
          <Name xsi:nil="true"></Name>
          <PostalCode xsi:nil="true"></PostalCode>
          <PostOfficeBox xsi:nil="true"></PostOfficeBox>
          <PrimaryContactName xsi:nil="true"></PrimaryContactName>
          <ShippingMethodCode>1</ShippingMethodCode>
          <StateOrProvince xsi:nil="true"></StateOrProvince>
          <Telephone1 xsi:nil="true"></Telephone1>
          <Telephone2 xsi:nil="true"></Telephone2>
          <Telephone3 xsi:nil="true"></Telephone3>
          <TimeZoneRuleVersionNumber xsi:nil="true"></TimeZoneRuleVersionNumber>
          <UPSZone xsi:nil="true"></UPSZone>
          <UTCOffset xsi:nil="true"></UTCOffset>
          <UTCConversionTimeZoneCode xsi:nil="true"></UTCConversionTimeZoneCode>
        </Address>
        <Address>
          <AddressNumber>2</AddressNumber>
          <AddressTypeCode>1</AddressTypeCode>
          <City xsi:nil="true"></City>
          <County xsi:nil="true"></County>
          <Country xsi:nil="true"></Country>
          <Fax xsi:nil="true"></Fax>
          <FreightTermsCode xsi:nil="true"></FreightTermsCode>
          <ImportSequenceNumber xsi:nil="true"></ImportSequenceNumber>
          <Latitude xsi:nil="true"></Latitude>
          <Line1 xsi:nil="true"></Line1>
          <Line2 xsi:nil="true"></Line2>
          <Line3 xsi:nil="true"></Line3>
          <Longitude xsi:nil="true"></Longitude>
          <Name xsi:nil="true"></Name>
          <PostalCode xsi:nil="true"></PostalCode>
          <PostOfficeBox xsi:nil="true"></PostOfficeBox>
          <PrimaryContactName xsi:nil="true"></PrimaryContactName>
          <ShippingMethodCode>1</ShippingMethodCode>
          <StateOrProvince xsi:nil="true"></StateOrProvince>
          <Telephone1 xsi:nil="true"></Telephone1>
          <Telephone2 xsi:nil="true"></Telephone2>
          <Telephone3 xsi:nil="true"></Telephone3>
          <TimeZoneRuleVersionNumber xsi:nil="true"></TimeZoneRuleVersionNumber>
          <UPSZone xsi:nil="true"></UPSZone>
          <UTCOffset xsi:nil="true"></UTCOffset>
          <UTCConversionTimeZoneCode xsi:nil="true"></UTCConversionTimeZoneCode>
        </Address>
      </Addresses>
    </Publisher>
    <RootComponents>
      <RootComponent type="1" schemaName="account" behavior="1" />
      <RootComponent type="1" schemaName="contact" behavior="2" />
      <RootComponent type="1" schemaName="systemuser" behavior="2" />
      <RootComponent type="60" id="{bd41c1e6-5272-ed11-9562-000d3a8d942a}" behavior="0" />
      <RootComponent type="61" schemaName="pbi_Power_BI.svg" behavior="0" />
      <RootComponent type="62" schemaName="pbi_ContosoSalesPowerBIDemoApp" behavior="0" />
      <RootComponent type="80" schemaName="pbi_ContosoSalesPowerBIDemoApp" behavior="0" />
    </RootComponents>
    <MissingDependencies>
      <MissingDependency>
        <Required type="1" schemaName="campaign" displayName="Campaign" solution="msdynce_Marketing (9.0.4.37)" />
        <Dependent type="62" schemaName="pbi_ContosoSalesPowerBIDemoApp" />
      </MissingDependency>
      <MissingDependency>
        <Required type="1" schemaName="campaign" displayName="Campaign" solution="msdynce_Marketing (9.0.4.37)" />
        <Dependent type="80" schemaName="pbi_ContosoSalesPowerBIDemoApp" displayName="Contoso Sales Power BI Demo App" />
      </MissingDependency>
      <MissingDependency>
        <Required type="1" schemaName="entitlement" displayName="Entitlement" solution="msdynce_Service (9.0.5.56)">
          <package>msdynce_ServiceAnchor (9.0.23033.3031)</package>
        </Required>
        <Dependent type="60" displayName="Contact - With Power BI " parentDisplayName="Contact" id="{7de2bdcd-7aa1-ed11-83ff-000d3a4e3fb0}" />
      </MissingDependency>
      <MissingDependency>
        <Required type="1" schemaName="incident" displayName="Case" solution="msdynce_Service (9.0.5.56)">
          <package>msdynce_ServiceAnchor (9.0.23033.3031)</package>
        </Required>
        <Dependent type="60" displayName="Contact - With Power BI " parentDisplayName="Contact" id="{7de2bdcd-7aa1-ed11-83ff-000d3a4e3fb0}" />
      </MissingDependency>
      <MissingDependency>
        <Required type="1" schemaName="opportunity" displayName="Opportunity" solution="msdynce_Sales (9.0.4.0076)">
          <package>msdynce_SalesAnchor (9.0.23032.15006)</package>
        </Required>
        <Dependent type="26" schemaName="Accounts with Opportunities - (As Potential Customer)" displayName="Accounts with Opportunities - (As Potential Customer)" parentSchemaName="account" parentDisplayName="Account" id="{4dc14591-8ea1-ed11-83ff-000d3a4e3fb0}" />
      </MissingDependency>
      <MissingDependency>
        <Required type="1" schemaName="opportunity" displayName="Opportunity" solution="msdynce_Sales (9.0.4.0076)">
          <package>msdynce_SalesAnchor (9.0.23032.15006)</package>
        </Required>
        <Dependent type="26" schemaName="Users With Opportunities" displayName="Users With Opportunities" parentSchemaName="systemuser" parentDisplayName="User" id="{4fa5e7cb-89a1-ed11-83ff-000d3a4e3fb0}" />
      </MissingDependency>
      <MissingDependency>
        <Required type="1" schemaName="opportunity" displayName="Opportunity" solution="msdynce_Sales (9.0.4.0076)">
          <package>msdynce_SalesAnchor (9.0.23032.15006)</package>
        </Required>
        <Dependent type="26" schemaName="Active Contacts with Opportunities (as Potential Customer)" displayName="Active Contacts with Opportunities (as Potential Customer)" parentSchemaName="contact" parentDisplayName="Contact" id="{b387de03-29a5-eb11-b1ac-000d3a53d2cd}" />
      </MissingDependency>
      <MissingDependency>
        <Required type="1" schemaName="opportunity" displayName="Opportunity" solution="msdynce_Sales (9.0.4.0076)">
          <package>msdynce_SalesAnchor (9.0.23032.15006)</package>
        </Required>
        <Dependent type="60" displayName="Contact - With Power BI " parentDisplayName="Contact" id="{7de2bdcd-7aa1-ed11-83ff-000d3a4e3fb0}" />
      </MissingDependency>
      <MissingDependency>
        <Required type="1" schemaName="opportunity" displayName="Opportunity" solution="msdynce_Sales (9.0.4.0076)">
          <package>msdynce_SalesAnchor (9.0.23032.15006)</package>
        </Required>
        <Dependent type="60" displayName="Account - with Power BI" parentDisplayName="Account" id="{e1fb9f98-4f72-ed11-9562-000d3a8d942a}" />
      </MissingDependency>
      <MissingDependency>
        <Required type="1" schemaName="opportunity" displayName="Opportunity" solution="msdynce_Sales (9.0.4.0076)">
          <package>msdynce_SalesAnchor (9.0.23032.15006)</package>
        </Required>
        <Dependent type="62" schemaName="pbi_ContosoSalesPowerBIDemoApp" />
      </MissingDependency>
      <MissingDependency>
        <Required type="1" schemaName="opportunity" displayName="Opportunity" solution="msdynce_Sales (9.0.4.0076)">
          <package>msdynce_SalesAnchor (9.0.23032.15006)</package>
        </Required>
        <Dependent type="80" schemaName="pbi_ContosoSalesPowerBIDemoApp" displayName="Contoso Sales Power BI Demo App" />
      </MissingDependency>
      <MissingDependency>
        <Required type="1" schemaName="territory" displayName="Territory" solution="msdynce_AppCommon (9.0.4.0066)">
          <package>msdynce_AppCommonAnchor (9.0.23032.15002)</package>
        </Required>
        <Dependent type="62" schemaName="pbi_ContosoSalesPowerBIDemoApp" />
      </MissingDependency>
      <MissingDependency>
        <Required type="1" schemaName="territory" displayName="Territory" solution="msdynce_AppCommon (9.0.4.0066)">
          <package>msdynce_AppCommonAnchor (9.0.23032.15002)</package>
        </Required>
        <Dependent type="80" schemaName="pbi_ContosoSalesPowerBIDemoApp" displayName="Contoso Sales Power BI Demo App" />
      </MissingDependency>
      <MissingDependency>
        <Required type="2" schemaName="opendeals" displayName="Open Deals" parentSchemaName="account" parentDisplayName="Account" solution="msdynce_Sales (9.0.4.0076)">
          <package>msdynce_SalesAnchor (9.0.23032.15006)</package>
        </Required>
        <Dependent type="26" schemaName="Accounts with Opportunities - (As Potential Customer)" displayName="Accounts with Opportunities - (As Potential Customer)" parentSchemaName="account" parentDisplayName="Account" id="{4dc14591-8ea1-ed11-83ff-000d3a4e3fb0}" />
      </MissingDependency>
      <MissingDependency>
        <Required type="2" schemaName="openrevenue" displayName="Open Revenue" parentSchemaName="account" parentDisplayName="Account" solution="msdynce_Sales (9.0.4.0076)">
          <package>msdynce_SalesAnchor (9.0.23032.15006)</package>
        </Required>
        <Dependent type="26" schemaName="Accounts with Opportunities - (As Potential Customer)" displayName="Accounts with Opportunities - (As Potential Customer)" parentSchemaName="account" parentDisplayName="Account" id="{4dc14591-8ea1-ed11-83ff-000d3a4e3fb0}" />
      </MissingDependency>
      <MissingDependency>
        <Required type="2" schemaName="originatingleadid" displayName="Originating Lead" parentSchemaName="account" parentDisplayName="Account" solution="msdynce_LeadManagement (9.0.4.0066)" />
        <Dependent type="60" displayName="Account - with Power BI" parentDisplayName="Account" id="{e1fb9f98-4f72-ed11-9562-000d3a8d942a}" />
      </MissingDependency>
      <MissingDependency>
        <Required type="2" schemaName="territoryid" displayName="Territory" parentSchemaName="account" parentDisplayName="Account" solution="msdynce_Sales (9.0.4.0076)">
          <package>msdynce_SalesAnchor (9.0.23032.15006)</package>
        </Required>
        <Dependent type="26" schemaName="Accounts with Opportunities - (As Potential Customer)" displayName="Accounts with Opportunities - (As Potential Customer)" parentSchemaName="account" parentDisplayName="Account" id="{4dc14591-8ea1-ed11-83ff-000d3a4e3fb0}" />
      </MissingDependency>
      <MissingDependency>
        <Required type="2" schemaName="territoryid" displayName="Territory" parentSchemaName="account" parentDisplayName="Account" solution="msdynce_Sales (9.0.4.0076)">
          <package>msdynce_SalesAnchor (9.0.23032.15006)</package>
        </Required>
        <Dependent type="60" displayName="Account - with Power BI" parentDisplayName="Account" id="{e1fb9f98-4f72-ed11-9562-000d3a8d942a}" />
      </MissingDependency>
      <MissingDependency>
        <Required type="2" schemaName="businesscard" displayName="Business Card" parentSchemaName="contact" parentDisplayName="Contact" solution="msdynce_SalesPatch201904 (9.0.1912.1007)">
          <package>msdynce_SalesAnchor (9.0.23032.15006)</package>
        </Required>
        <Dependent type="60" displayName="Contact - With Power BI " parentDisplayName="Contact" id="{7de2bdcd-7aa1-ed11-83ff-000d3a4e3fb0}" />
      </MissingDependency>
      <MissingDependency>
        <Required type="2" schemaName="businesscardattributes" displayName="BusinessCardAttributes" parentSchemaName="contact" parentDisplayName="Contact" solution="msdynce_SalesPatch201904 (9.0.1912.1007)">
          <package>msdynce_SalesAnchor (9.0.23032.15006)</package>
        </Required>
        <Dependent type="60" displayName="Contact - With Power BI " parentDisplayName="Contact" id="{7de2bdcd-7aa1-ed11-83ff-000d3a4e3fb0}" />
      </MissingDependency>
      <MissingDependency>
        <Required type="2" schemaName="originatingleadid" displayName="Originating Lead" parentSchemaName="contact" parentDisplayName="Contact" solution="msdynce_LeadManagement (9.0.4.0066)" />
        <Dependent type="60" displayName="Contact - With Power BI " parentDisplayName="Contact" id="{7de2bdcd-7aa1-ed11-83ff-000d3a4e3fb0}" />
      </MissingDependency>
      <MissingDependency>
        <Required type="2" schemaName="customerid" displayName="Potential Customer" parentSchemaName="opportunity" parentDisplayName="Opportunity" solution="msdynce_Sales (9.0.4.0076)">
          <package>msdynce_SalesAnchor (9.0.23032.15006)</package>
        </Required>
        <Dependent type="26" schemaName="Accounts with Opportunities - (As Potential Customer)" displayName="Accounts with Opportunities - (As Potential Customer)" parentSchemaName="account" parentDisplayName="Account" id="{4dc14591-8ea1-ed11-83ff-000d3a4e3fb0}" />
      </MissingDependency>
      <MissingDependency>
        <Required type="2" schemaName="customerid" displayName="Potential Customer" parentSchemaName="opportunity" parentDisplayName="Opportunity" solution="msdynce_Sales (9.0.4.0076)">
          <package>msdynce_SalesAnchor (9.0.23032.15006)</package>
        </Required>
        <Dependent type="26" schemaName="Active Contacts with Opportunities (as Potential Customer)" displayName="Active Contacts with Opportunities (as Potential Customer)" parentSchemaName="contact" parentDisplayName="Contact" id="{b387de03-29a5-eb11-b1ac-000d3a53d2cd}" />
      </MissingDependency>
      <MissingDependency>
        <Required type="2" schemaName="owninguser" displayName="Owning User" parentSchemaName="opportunity" parentDisplayName="Opportunity" solution="msdynce_Sales (9.0.4.0076)">
          <package>msdynce_SalesAnchor (9.0.23032.15006)</package>
        </Required>
        <Dependent type="26" schemaName="Users With Opportunities" displayName="Users With Opportunities" parentSchemaName="systemuser" parentDisplayName="User" id="{4fa5e7cb-89a1-ed11-83ff-000d3a4e3fb0}" />
      </MissingDependency>
      <MissingDependency>
        <Required type="2" schemaName="siteid" displayName="Site" parentSchemaName="systemuser" parentDisplayName="User" solution="msdynce_Service (9.0.5.56)">
          <package>msdynce_ServiceAnchor (9.0.23033.3031)</package>
        </Required>
        <Dependent type="60" displayName="User - With Power BI" parentDisplayName="User" id="{01d8f486-7da1-ed11-83ff-000d3a1f48d3}" />
      </MissingDependency>
      <MissingDependency>
        <Required type="2" schemaName="territoryid" displayName="Territory" parentSchemaName="systemuser" parentDisplayName="User" solution="msdynce_AppCommon (9.0.4.0066)">
          <package>msdynce_AppCommonAnchor (9.0.23032.15002)</package>
        </Required>
        <Dependent type="60" displayName="User - With Power BI" parentDisplayName="User" id="{01d8f486-7da1-ed11-83ff-000d3a1f48d3}" />
      </MissingDependency>
      <MissingDependency>
        <Required type="20" displayName="BusinessApplicationPlatformRole" solution="S2SApplicationRoles (1.0.0.59)" id="{02123b67-66ae-4a69-8cdc-6473b94ad1a9}" />
        <Dependent type="80" schemaName="pbi_ContosoSalesPowerBIDemoApp" displayName="Contoso Sales Power BI Demo App" />
      </MissingDependency>
      <MissingDependency>
        <Required type="20" displayName="IoT - Endpoint User" solution="IoTConnector (1.8.9.7)" id="{05f9a03f-5534-4b26-9bba-0726d33c6351}">
          <package>msdynce_ServiceAnchor (9.0.23033.3031)</package>
        </Required>
        <Dependent type="80" schemaName="pbi_ContosoSalesPowerBIDemoApp" displayName="Contoso Sales Power BI Demo App" />
      </MissingDependency>
      <MissingDependency>
        <Required type="20" displayName="Power BI workspace contributor" solution="msft_PowerBI (1.0.0.59)" id="{065a0f7a-7805-4e51-abf7-8f13df4688a8}">
          <package>msft_PowerBI_Anchor (1.0.0.59)</package>
        </Required>
        <Dependent type="80" schemaName="pbi_ContosoSalesPowerBIDemoApp" displayName="Contoso Sales Power BI Demo App" />
      </MissingDependency>
      <MissingDependency>
        <Required type="20" displayName="CCA Analytics App" solution="msdyn_InsightsAnalyticsCommon (1.2.22305.4)" id="{09686f40-772a-42d8-98ca-199483b1b275}">
          <package>msdyn_ServiceExtendedAnchor (9.0.23033.3004)</package>
        </Required>
        <Dependent type="80" schemaName="pbi_ContosoSalesPowerBIDemoApp" displayName="Contoso Sales Power BI Demo App" />
      </MissingDependency>
      <MissingDependency>
        <Required type="20" displayName="Help Page Author" solution="msdyn_ContextualHelp (1.0.0.22)" id="{0e72f536-3a3a-4e74-96e9-3cab5effe10c}" />
        <Dependent type="80" schemaName="pbi_ContosoSalesPowerBIDemoApp" displayName="Contoso Sales Power BI Demo App" />
      </MissingDependency>
      <MissingDependency>
        <Required type="20" displayName="Desktop Flows Machine User" solution="MicrosoftFlowExtensionsCore (1.4.15.1)" id="{169ead94-a7e8-42c5-9ae8-d81205dfee77}">
          <package>MicrosoftFlowExtensionsAnchor (1.4.15.1)</package>
        </Required>
        <Dependent type="80" schemaName="pbi_ContosoSalesPowerBIDemoApp" displayName="Contoso Sales Power BI Demo App" />
      </MissingDependency>
      <MissingDependency>
        <Required type="20" displayName="D365ChannelDefinitions Admin" solution="msdyn_D365ChannelDefinitions (1.0.0.365)" id="{19014756-5407-ed11-82e4-000d3a1f71e3}">
          <package>msdyn_AppProfileManagerAnchor (10.1.23033.3002)</package>
        </Required>
        <Dependent type="80" schemaName="pbi_ContosoSalesPowerBIDemoApp" displayName="Contoso Sales Power BI Demo App" />
      </MissingDependency>
      <MissingDependency>
        <Required type="20" displayName="App Deployment Orchestration Role" solution="S2SApplicationRoles (1.0.0.59)" id="{1bb44f6d-15a5-48aa-a2f2-8d2cb0095d2d}" />
        <Dependent type="80" schemaName="pbi_ContosoSalesPowerBIDemoApp" displayName="Contoso Sales Power BI Demo App" />
      </MissingDependency>
      <MissingDependency>
        <Required type="20" displayName="Bot Transcript Viewer" solution="PowerVirtualAgentsPrivilegeOverrides (2.0.0.371)" id="{20902168-ee38-ea11-a81c-000d3ac3e6d8}" />
        <Dependent type="80" schemaName="pbi_ContosoSalesPowerBIDemoApp" displayName="Contoso Sales Power BI Demo App" />
      </MissingDependency>
      <MissingDependency>
        <Required type="20" displayName="Dynamics 365 App for Outlook User" solution="AppforOutlookPatch (1.2.388)" id="{2407db5e-edae-4e36-9be1-fd61d4d15809}" />
        <Dependent type="80" schemaName="pbi_ContosoSalesPowerBIDemoApp" displayName="Contoso Sales Power BI Demo App" />
      </MissingDependency>
      <MissingDependency>
        <Required type="20" displayName="EAC App Access" solution="AdvancedAnalyticsInfra (1.0.1.2)" id="{2c321cf0-f096-ea11-a81a-000d3a6ecd99}" />
        <Dependent type="80" schemaName="pbi_ContosoSalesPowerBIDemoApp" displayName="Contoso Sales Power BI Demo App" />
      </MissingDependency>
      <MissingDependency>
        <Required type="20" displayName="Tour Author" solution="msdyn_ContextualHelp (1.0.0.22)" id="{2d8b17d9-643c-40b1-9f7d-a6ba95063906}" />
        <Dependent type="80" schemaName="pbi_ContosoSalesPowerBIDemoApp" displayName="Contoso Sales Power BI Demo App" />
      </MissingDependency>
      <MissingDependency>
        <Required type="20" displayName="Bot Contributor" solution="PowerVirtualAgentsPrivilegeOverrides (2.0.0.371)" id="{2fe4d72e-e538-ea11-a81c-000d3ac3e6d8}" />
        <Dependent type="80" schemaName="pbi_ContosoSalesPowerBIDemoApp" displayName="Contoso Sales Power BI Demo App" />
      </MissingDependency>
      <MissingDependency>
        <Required type="20" displayName="Tour Consumer" solution="msdyn_ContextualHelp (1.0.0.22)" id="{30db5b2f-b1c6-4892-ba03-5e532ab8534e}" />
        <Dependent type="80" schemaName="pbi_ContosoSalesPowerBIDemoApp" displayName="Contoso Sales Power BI Demo App" />
      </MissingDependency>
      <MissingDependency>
        <Required type="20" displayName="Desktop Flows Machine Owner" solution="MicrosoftFlowExtensionsCore (1.4.15.1)" id="{313995f9-4a4a-4d4a-afd1-c892da78e13e}">
          <package>MicrosoftFlowExtensionsAnchor (1.4.15.1)</package>
        </Required>
        <Dependent type="80" schemaName="pbi_ContosoSalesPowerBIDemoApp" displayName="Contoso Sales Power BI Demo App" />
      </MissingDependency>
      <MissingDependency>
        <Required type="20" displayName="Service Deleter" solution="AuthorizationCore (1.85.0.0)" id="{3b305bc7-5cf5-464b-985e-d6237f6496f1}" />
        <Dependent type="80" schemaName="pbi_ContosoSalesPowerBIDemoApp" displayName="Contoso Sales Power BI Demo App" />
      </MissingDependency>
      <MissingDependency>
        <Required type="20" displayName="Customer service app access" solution="msdynce_Customerservicehub (9.0.5.0056)" id="{3dac4d9e-568c-e611-80d4-00155d42a122}">
          <package>msdynce_ServiceAnchor (9.0.23033.3031)</package>
        </Required>
        <Dependent type="80" schemaName="pbi_ContosoSalesPowerBIDemoApp" displayName="Contoso Sales Power BI Demo App" />
      </MissingDependency>
      <MissingDependency>
        <Required type="20" displayName="AIB SML Roles" solution="msdyn_AIPrivilegeOverridesSolution (202211.4.74.5)" id="{3f199ebd-977e-43e5-abe5-fe865a1f2904}" />
        <Dependent type="80" schemaName="pbi_ContosoSalesPowerBIDemoApp" displayName="Contoso Sales Power BI Demo App" />
      </MissingDependency>
      <MissingDependency>
        <Required type="20" displayName="Playbook User" solution="msdyn_Playbook (9.0.2103.4000 )" id="{4178df9e-4ea5-e811-8149-000d3a3a2731}">
          <package>msdynce_SalesAnchor (9.0.23032.15006)</package>
        </Required>
        <Dependent type="80" schemaName="pbi_ContosoSalesPowerBIDemoApp" displayName="Contoso Sales Power BI Demo App" />
      </MissingDependency>
      <MissingDependency>
        <Required type="20" displayName="App Profile Manager Administrator" solution="msdyn_AppProfileManager (10.1.23033.3002)" id="{4758a2be-ccd8-ea11-a813-000d3a579805}">
          <package>msdyn_AppProfileManagerAnchor (10.1.23033.3002)</package>
        </Required>
        <Dependent type="80" schemaName="pbi_ContosoSalesPowerBIDemoApp" displayName="Contoso Sales Power BI Demo App" />
      </MissingDependency>
      <MissingDependency>
        <Required type="20" displayName="Export Customizations (Solution Checker)" solution="PowerVirtualAgentsPrivilegeOverrides (2.0.0.371)" id="{4931681d-8163-e811-a965-000d3a11fe32}" />
        <Dependent type="80" schemaName="pbi_ContosoSalesPowerBIDemoApp" displayName="Contoso Sales Power BI Demo App" />
      </MissingDependency>
      <MissingDependency>
        <Required type="20" displayName="Power BI workspace admin" solution="msft_PowerBI (1.0.0.59)" id="{53d935d6-60c8-4315-afe6-fe472cb343be}">
          <package>msft_PowerBI_Anchor (1.0.0.59)</package>
        </Required>
        <Dependent type="80" schemaName="pbi_ContosoSalesPowerBIDemoApp" displayName="Contoso Sales Power BI Demo App" />
      </MissingDependency>
      <MissingDependency>
        <Required type="20" displayName="Analytics Report Author" solution="msdyn_DataInsightsAndAnalytics (1.2.22305.4)" id="{5d654478-ef8d-ec11-b3fe-000d3a5cee94}">
          <package>msdyn_ServiceExtendedAnchor (9.0.23033.3004)</package>
        </Required>
        <Dependent type="80" schemaName="pbi_ContosoSalesPowerBIDemoApp" displayName="Contoso Sales Power BI Demo App" />
      </MissingDependency>
      <MissingDependency>
        <Required type="20" displayName="IoT - Administrator" solution="IoTConnector (1.8.9.7)" id="{5e4a9faa-b260-e611-8106-00155db8820b}">
          <package>msdynce_ServiceAnchor (9.0.23033.3031)</package>
        </Required>
        <Dependent type="80" schemaName="pbi_ContosoSalesPowerBIDemoApp" displayName="Contoso Sales Power BI Demo App" />
      </MissingDependency>
      <MissingDependency>
        <Required type="20" displayName="Schedule Manager" solution="msdynce_Service (9.0.5.56)" id="{5eb8e541-1b03-4d24-931a-3422d2bbe126}" parentId="{debec338-bca7-4882-ae04-84e6ddda2984}">
          <package>msdynce_ServiceAnchor (9.0.23033.3031)</package>
        </Required>
        <Dependent type="80" schemaName="pbi_ContosoSalesPowerBIDemoApp" displayName="Contoso Sales Power BI Demo App" />
      </MissingDependency>
      <MissingDependency>
        <Required type="20" displayName="Customer Service Representative" solution="msdynce_Service (9.0.5.56)" id="{5ebd556c-47fb-4ea0-87f4-8863a856396d}" parentId="{ecfd0b44-5720-45e3-ae68-417ddb0fb654}">
          <package>msdynce_ServiceAnchor (9.0.23033.3031)</package>
        </Required>
        <Dependent type="80" schemaName="pbi_ContosoSalesPowerBIDemoApp" displayName="Contoso Sales Power BI Demo App" />
      </MissingDependency>
      <MissingDependency>
        <Required type="20" displayName="Global Active Metrics Monitoring Alerting Custom Role" solution="S2SApplicationRoles (1.0.0.59)" id="{60b66ae1-fd75-44ca-b494-10169bb07998}" />
        <Dependent type="80" schemaName="pbi_ContosoSalesPowerBIDemoApp" displayName="Contoso Sales Power BI Demo App" />
      </MissingDependency>
      <MissingDependency>
        <Required type="20" displayName="App Profile User" solution="msdyn_AppProfileManager (10.1.23033.3002)" id="{61649654-ced8-ea11-a813-000d3a579805}">
          <package>msdyn_AppProfileManagerAnchor (10.1.23033.3002)</package>
        </Required>
        <Dependent type="80" schemaName="pbi_ContosoSalesPowerBIDemoApp" displayName="Contoso Sales Power BI Demo App" />
      </MissingDependency>
      <MissingDependency>
        <Required type="20" displayName="Desktop Flow Machine Configuration Admin" solution="MicrosoftFlowExtensionsCore (1.4.15.1)" id="{6b860c71-0e4e-ec11-b1b5-000d3a6ed5b3}">
          <package>MicrosoftFlowExtensionsAnchor (1.4.15.1)</package>
        </Required>
        <Dependent type="80" schemaName="pbi_ContosoSalesPowerBIDemoApp" displayName="Contoso Sales Power BI Demo App" />
      </MissingDependency>
      <MissingDependency>
        <Required type="20" displayName="Vice President of Marketing" solution="msdynce_Marketing (9.0.4.37)" id="{7428ed1d-5b3e-4918-b398-08eda88ea75e}" parentId="{6caba073-59a8-4d6b-8e7b-4ccb50c5166b}" />
        <Dependent type="80" schemaName="pbi_ContosoSalesPowerBIDemoApp" displayName="Contoso Sales Power BI Demo App" />
      </MissingDependency>
      <MissingDependency>
        <Required type="20" displayName="CEO-Business Manager" solution="msdynce_LeadManagement (9.0.4.0066)" id="{79678303-9146-4b35-b06e-87321b19b26f}" parentId="{85937b6b-91a1-46ed-9778-929fc9f61812}" />
        <Dependent type="80" schemaName="pbi_ContosoSalesPowerBIDemoApp" displayName="Contoso Sales Power BI Demo App" />
      </MissingDependency>
      <MissingDependency>
        <Required type="20" displayName="Forecast AppUser" solution="msdyn_Forecasting (9.0.22121.10000)" id="{7bc42107-2fba-4a47-9d1d-51877a3be378}" />
        <Dependent type="80" schemaName="pbi_ContosoSalesPowerBIDemoApp" displayName="Contoso Sales Power BI Demo App" />
      </MissingDependency>
      <MissingDependency>
        <Required type="20" displayName="EAC Reader App Access" solution="AdvancedAnalyticsInfra (1.0.1.2)" id="{7be5a395-6b58-4f8c-908f-97dc8810fc50}" />
        <Dependent type="80" schemaName="pbi_ContosoSalesPowerBIDemoApp" displayName="Contoso Sales Power BI Demo App" />
      </MissingDependency>
      <MissingDependency>
        <Required type="20" displayName="Vice President of Sales" solution="msdynce_Sales (9.0.4.0076)" id="{810acff7-dbe2-4f3c-b573-5bc544575d98}" parentId="{29123793-6ae5-4955-9f1a-f10ceb9705f1}">
          <package>msdynce_SalesAnchor (9.0.23032.15006)</package>
        </Required>
        <Dependent type="80" schemaName="pbi_ContosoSalesPowerBIDemoApp" displayName="Contoso Sales Power BI Demo App" />
      </MissingDependency>
      <MissingDependency>
        <Required type="20" displayName="BizQAApp" solution="msdyn_RelevanceSearch (1.0.0.66)" id="{88b87c37-1472-4798-ac48-d56509eb6e1d}" />
        <Dependent type="80" schemaName="pbi_ContosoSalesPowerBIDemoApp" displayName="Contoso Sales Power BI Demo App" />
      </MissingDependency>
      <MissingDependency>
        <Required type="20" displayName="DataProcessingConfigTableAppAccess" solution="datalakeworkspaces (1.0.22.0)" id="{896a28e5-678d-4fa8-ad59-c606d1aa98ce}" />
        <Dependent type="80" schemaName="pbi_ContosoSalesPowerBIDemoApp" displayName="Contoso Sales Power BI Demo App" />
      </MissingDependency>
      <MissingDependency>
        <Required type="20" displayName="Bulk Archival Role" solution="S2SApplicationRoles (1.0.0.59)" id="{8a2f35d9-e447-4285-974c-81382317ca21}" />
        <Dependent type="80" schemaName="pbi_ContosoSalesPowerBIDemoApp" displayName="Contoso Sales Power BI Demo App" />
      </MissingDependency>
      <MissingDependency>
        <Required type="20" displayName="Flow-CDS Native Connector Role" solution="S2SApplicationRoles (1.0.0.59)" id="{8be3e3ca-a304-451f-9dc1-2478d224ea0e}" />
        <Dependent type="80" schemaName="pbi_ContosoSalesPowerBIDemoApp" displayName="Contoso Sales Power BI Demo App" />
      </MissingDependency>
      <MissingDependency>
        <Required type="20" displayName="Customer Voice - Add on" solution="MicrosoftFormsPro (2.0.0.40)" id="{90bb098b-d3b6-ea11-a812-000d3a31eec8}" />
        <Dependent type="80" schemaName="pbi_ContosoSalesPowerBIDemoApp" displayName="Contoso Sales Power BI Demo App" />
      </MissingDependency>
      <MissingDependency>
        <Required type="20" displayName="Desktop Flows Machine Application User" solution="MicrosoftFlowExtensionsCore (1.4.15.1)" id="{9f572d55-6090-493b-904a-3956bdc55343}">
          <package>MicrosoftFlowExtensionsAnchor (1.4.15.1)</package>
        </Required>
        <Dependent type="80" schemaName="pbi_ContosoSalesPowerBIDemoApp" displayName="Contoso Sales Power BI Demo App" />
      </MissingDependency>
      <MissingDependency>
        <Required type="20" displayName="Power BI workspace viewer" solution="msft_PowerBI (1.0.0.59)" id="{a02e0e38-20c1-4046-becb-a5a48190fd6b}">
          <package>msft_PowerBI_Anchor (1.0.0.59)</package>
        </Required>
        <Dependent type="80" schemaName="pbi_ContosoSalesPowerBIDemoApp" displayName="Contoso Sales Power BI Demo App" />
      </MissingDependency>
      <MissingDependency>
        <Required type="20" displayName="Dataverse Search Role" solution="S2SApplicationRoles (1.0.0.59)" id="{a0a59a4a-b5a8-4e6f-a094-a866573c17d4}" />
        <Dependent type="80" schemaName="pbi_ContosoSalesPowerBIDemoApp" displayName="Contoso Sales Power BI Demo App" />
      </MissingDependency>
      <MissingDependency>
        <Required type="20" displayName="CCI admin" solution="msdynce_CustomerCareIntelligenceBots (2.0.0)" id="{a1801436-efd6-e811-a96e-000d3a3ab886}" />
        <Dependent type="80" schemaName="pbi_ContosoSalesPowerBIDemoApp" displayName="Contoso Sales Power BI Demo App" />
      </MissingDependency>
      <MissingDependency>
        <Required type="20" displayName="Global Discovery Service Role" solution="S2SApplicationRoles (1.0.0.59)" id="{a855e539-7253-43d3-9ee5-43ea042b7823}" />
        <Dependent type="80" schemaName="pbi_ContosoSalesPowerBIDemoApp" displayName="Contoso Sales Power BI Demo App" />
      </MissingDependency>
      <MissingDependency>
        <Required type="20" displayName="Survey Services Administrator(Deprecated)" solution="MicrosoftFormsPro (2.0.0.40)" id="{abce3b01-5697-4973-9d7d-fca48ca84445}" />
        <Dependent type="80" schemaName="pbi_ContosoSalesPowerBIDemoApp" displayName="Contoso Sales Power BI Demo App" />
      </MissingDependency>
      <MissingDependency>
        <Required type="20" displayName="Data Sync Framework Role" solution="S2SApplicationRoles (1.0.0.59)" id="{b21a7144-299d-4c21-a116-30f60e9c159a}" />
        <Dependent type="80" schemaName="pbi_ContosoSalesPowerBIDemoApp" displayName="Contoso Sales Power BI Demo App" />
      </MissingDependency>
      <MissingDependency>
        <Required type="20" displayName="Insights Apps Platform Role" solution="S2SApplicationRoles (1.0.0.59)" id="{b8299fc3-f7a2-4655-a2d9-48ca2dec0346}" />
        <Dependent type="80" schemaName="pbi_ContosoSalesPowerBIDemoApp" displayName="Contoso Sales Power BI Demo App" />
      </MissingDependency>
      <MissingDependency>
        <Required type="20" displayName="Cards Basic Role" solution="msft_PowerAppsCards (1.0.0.5)" id="{bdf1780b-2867-4c3e-8957-dce785eac543}" />
        <Dependent type="80" schemaName="pbi_ContosoSalesPowerBIDemoApp" displayName="Contoso Sales Power BI Demo App" />
      </MissingDependency>
      <MissingDependency>
        <Required type="20" displayName="Forecast user" solution="msdyn_Forecasting (9.0.22121.10000)" id="{c30c8811-9519-e911-817c-000d3a0718d1}" />
        <Dependent type="80" schemaName="pbi_ContosoSalesPowerBIDemoApp" displayName="Contoso Sales Power BI Demo App" />
      </MissingDependency>
      <MissingDependency>
        <Required type="20" displayName="Productivity tools user" solution="msdyn_ProductivityPaneComponent (9.2.22123.1010)" id="{c49aae0a-0fda-e911-a81c-000d3af75d63}" />
        <Dependent type="80" schemaName="pbi_ContosoSalesPowerBIDemoApp" displayName="Contoso Sales Power BI Demo App" />
      </MissingDependency>
      <MissingDependency>
        <Required type="20" displayName="Deflection Service Role" solution="S2SApplicationRoles (1.0.0.59)" id="{c95980b3-97dc-4762-a037-c15fe02dae8c}" />
        <Dependent type="80" schemaName="pbi_ContosoSalesPowerBIDemoApp" displayName="Contoso Sales Power BI Demo App" />
      </MissingDependency>
      <MissingDependency>
        <Required type="20" displayName="Sync Skills" solution="msdyn_Sequence (9.1.2212.1001)" id="{cab938ec-7717-eb11-a81b-000d3ac38fe6}" />
        <Dependent type="80" schemaName="pbi_ContosoSalesPowerBIDemoApp" displayName="Contoso Sales Power BI Demo App" />
      </MissingDependency>
      <MissingDependency>
        <Required type="20" displayName="Activity Feeds" solution="ActivityFeedsCore (9.0.0.0009)" id="{cb269f84-e19d-e011-b66c-00155db528b6}" />
        <Dependent type="80" schemaName="pbi_ContosoSalesPowerBIDemoApp" displayName="Contoso Sales Power BI Demo App" />
      </MissingDependency>
      <MissingDependency>
        <Required type="20" displayName="Field Service - Dispatcher" solution="IoTConnector (1.8.9.7)" id="{d008bfde-da92-e111-9d8c-000c2959f9b8}">
          <package>msdynce_ServiceAnchor (9.0.23033.3031)</package>
        </Required>
        <Dependent type="80" schemaName="pbi_ContosoSalesPowerBIDemoApp" displayName="Contoso Sales Power BI Demo App" />
      </MissingDependency>
      <MissingDependency>
        <Required type="20" displayName="FileStoreService App Access" solution="FileStoreServiceExtension (1.0.0.2)" id="{d110d819-9b72-430f-894a-94dc87e04519}" />
        <Dependent type="80" schemaName="pbi_ContosoSalesPowerBIDemoApp" displayName="Contoso Sales Power BI Demo App" />
      </MissingDependency>
      <MissingDependency>
        <Required type="20" displayName="Delegated Mailbox Approver" solution="msft_ServerSideSync_Extensions (1.0.0.23)" id="{d19d7df9-96e3-440a-ada1-7f469d2a00d1}" />
        <Dependent type="80" schemaName="pbi_ContosoSalesPowerBIDemoApp" displayName="Contoso Sales Power BI Demo App" />
      </MissingDependency>
      <MissingDependency>
        <Required type="20" displayName="Swarm collaborator" solution="msdyn_Swarming (9.0.23033.3004)" id="{d334759c-a7fc-ec11-82e6-0022482aea7b}">
          <package>msdyn_ServiceExtendedAnchor (9.0.23033.3004)</package>
        </Required>
        <Dependent type="80" schemaName="pbi_ContosoSalesPowerBIDemoApp" displayName="Contoso Sales Power BI Demo App" />
      </MissingDependency>
      <MissingDependency>
        <Required type="20" displayName="Environment Maker" solution="SolutionComponentConfiguration (9.1.0.140)" id="{d58407f2-48d5-e711-a82c-000d3a37c848}" />
        <Dependent type="80" schemaName="pbi_ContosoSalesPowerBIDemoApp" displayName="Contoso Sales Power BI Demo App" />
      </MissingDependency>
      <MissingDependency>
        <Required type="20" displayName="Bot Author" solution="msdynce_CustomerCareIntelligenceBots (2.0.0)" id="{e0d2794e-82f3-e811-a951-000d3a1bcf17}" />
        <Dependent type="80" schemaName="pbi_ContosoSalesPowerBIDemoApp" displayName="Contoso Sales Power BI Demo App" />
      </MissingDependency>
      <MissingDependency>
        <Required type="20" displayName="D365ChannelDefinitions User" solution="msdyn_D365ChannelDefinitions (1.0.0.365)" id="{e3b0a89e-42fb-4d1c-aca0-eafa0815a60b}">
          <package>msdyn_AppProfileManagerAnchor (10.1.23033.3002)</package>
        </Required>
        <Dependent type="80" schemaName="pbi_ContosoSalesPowerBIDemoApp" displayName="Contoso Sales Power BI Demo App" />
      </MissingDependency>
      <MissingDependency>
        <Required type="20" displayName="AIB Roles" solution="msdyn_AIPrivilegeOverridesSolution (202211.4.74.5)" id="{e57bff35-58b4-4725-aee2-40fb18f4c8bd}" />
        <Dependent type="80" schemaName="pbi_ContosoSalesPowerBIDemoApp" displayName="Contoso Sales Power BI Demo App" />
      </MissingDependency>
      <MissingDependency>
        <Required type="20" displayName="Forecast manager" solution="msdyn_Forecasting (9.0.22121.10000)" id="{e739f82a-9519-e911-817c-000d3a0718d1}" />
        <Dependent type="80" schemaName="pbi_ContosoSalesPowerBIDemoApp" displayName="Contoso Sales Power BI Demo App" />
      </MissingDependency>
      <MissingDependency>
        <Required type="20" displayName="Office Collaborator" solution="AccessTeam (1.0.12.0)" id="{e8fb3146-7717-ec11-b1b7-000d3af68e17}" />
        <Dependent type="80" schemaName="pbi_ContosoSalesPowerBIDemoApp" displayName="Contoso Sales Power BI Demo App" />
      </MissingDependency>
      <MissingDependency>
        <Required type="20" displayName="Sync Permissions" solution="msft_PowerBI (1.0.0.59)" id="{e94f2257-92be-48b3-bc66-2279e0e68675}">
          <package>msft_PowerBI_Anchor (1.0.0.59)</package>
        </Required>
        <Dependent type="80" schemaName="pbi_ContosoSalesPowerBIDemoApp" displayName="Contoso Sales Power BI Demo App" />
      </MissingDependency>
      <MissingDependency>
        <Required type="20" displayName="Synapse Link Service Access" solution="msdyn_SynapseLink (1.0.3.2)" id="{eaeff5e8-8e5b-ec11-b1b6-0022487b9f36}" />
        <Dependent type="80" schemaName="pbi_ContosoSalesPowerBIDemoApp" displayName="Contoso Sales Power BI Demo App" />
      </MissingDependency>
      <MissingDependency>
        <Required type="20" displayName="Viva Sales Administrator" solution="msdyn_VivaSalesCore (9.0.0.1730)" id="{ebbb3fcb-fcd7-4bf8-9a48-7b5a9878e79e}">
          <package>msdynce_SalesAnchor (9.0.23032.15006)</package>
        </Required>
        <Dependent type="80" schemaName="pbi_ContosoSalesPowerBIDemoApp" displayName="Contoso Sales Power BI Demo App" />
      </MissingDependency>
      <MissingDependency>
        <Required type="20" displayName="DataLakeWorkspaceAppAccess" solution="datalakeworkspaces (1.0.22.0)" id="{edfcbfd2-358f-ea11-a81f-000d3a6eafd3}" />
        <Dependent type="80" schemaName="pbi_ContosoSalesPowerBIDemoApp" displayName="Contoso Sales Power BI Demo App" />
      </MissingDependency>
      <MissingDependency>
        <Required type="20" displayName="Desktop Flows Machine User Can Share" solution="MicrosoftFlowExtensionsCore (1.4.15.1)" id="{ee18dcf2-6f83-4cd7-aa5c-1d8a88947d51}">
          <package>MicrosoftFlowExtensionsAnchor (1.4.15.1)</package>
        </Required>
        <Dependent type="80" schemaName="pbi_ContosoSalesPowerBIDemoApp" displayName="Contoso Sales Power BI Demo App" />
      </MissingDependency>
      <MissingDependency>
        <Required type="20" displayName="Desktop Flows Runtime Application User" solution="MicrosoftFlowExtensionsCore (1.4.15.1)" id="{ee2c8e11-6d57-4c5d-9f84-659c0db132bb}">
          <package>MicrosoftFlowExtensionsAnchor (1.4.15.1)</package>
        </Required>
        <Dependent type="80" schemaName="pbi_ContosoSalesPowerBIDemoApp" displayName="Contoso Sales Power BI Demo App" />
      </MissingDependency>
      <MissingDependency>
        <Required type="20" displayName="CSR Manager" solution="msdynce_Service (9.0.5.56)" id="{ee64beab-1867-4116-aaeb-7a1cbfcf1271}" parentId="{1808b939-dd07-4ca7-aa99-ddd2734378f1}">
          <package>msdynce_ServiceAnchor (9.0.23033.3031)</package>
        </Required>
        <Dependent type="80" schemaName="pbi_ContosoSalesPowerBIDemoApp" displayName="Contoso Sales Power BI Demo App" />
      </MissingDependency>
      <MissingDependency>
        <Required type="20" displayName="Desktop Flows Module Developer" solution="MicrosoftFlowExtensionsCore (1.4.15.1)" id="{ee7bc749-3dd6-45ac-b95d-a3031463380b}">
          <package>MicrosoftFlowExtensionsAnchor (1.4.15.1)</package>
        </Required>
        <Dependent type="80" schemaName="pbi_ContosoSalesPowerBIDemoApp" displayName="Contoso Sales Power BI Demo App" />
      </MissingDependency>
      <MissingDependency>
        <Required type="20" displayName="Help Page Consumer" solution="msdyn_ContextualHelp (1.0.0.22)" id="{f3d2098f-9eb0-45b3-9c7d-96526af614c4}" />
        <Dependent type="80" schemaName="pbi_ContosoSalesPowerBIDemoApp" displayName="Contoso Sales Power BI Demo App" />
      </MissingDependency>
      <MissingDependency>
        <Required type="20" displayName="Flow-RP Role" solution="S2SApplicationRoles (1.0.0.59)" id="{f75f4034-068a-463c-ba85-0ae80ad5aecd}" />
        <Dependent type="80" schemaName="pbi_ContosoSalesPowerBIDemoApp" displayName="Contoso Sales Power BI Demo App" />
      </MissingDependency>
      <MissingDependency>
        <Required type="20" displayName="Marketing Manager" solution="msdynce_Marketing (9.0.4.37)" id="{f99e089b-9421-475e-8f97-7856f3ba9471}" parentId="{d9d602db-2761-4170-877f-983494567c08}" />
        <Dependent type="80" schemaName="pbi_ContosoSalesPowerBIDemoApp" displayName="Contoso Sales Power BI Demo App" />
      </MissingDependency>
      <MissingDependency>
        <Required type="20" displayName="Cards Role" solution="msft_PowerAppsCards (1.0.0.5)" id="{f9e46d0f-d53e-4d5c-b06b-24948b4606ed}" />
        <Dependent type="80" schemaName="pbi_ContosoSalesPowerBIDemoApp" displayName="Contoso Sales Power BI Demo App" />
      </MissingDependency>
      <MissingDependency>
        <Required type="20" displayName="Data Sync Service Role" solution="S2SApplicationRoles (1.0.0.59)" id="{fc3e65d9-450a-4301-933b-f9bcaee20521}" />
        <Dependent type="80" schemaName="pbi_ContosoSalesPowerBIDemoApp" displayName="Contoso Sales Power BI Demo App" />
      </MissingDependency>
      <MissingDependency>
        <Required type="26" schemaName="My Active Cases" displayName="My Active Cases" parentSchemaName="incident" parentDisplayName="Case" solution="msdynce_Service (9.0.5.56)" id="{00000000-0000-0000-00aa-000010001028}">
          <package>msdynce_ServiceAnchor (9.0.23033.3031)</package>
        </Required>
        <Dependent type="60" displayName="Contact - With Power BI " parentDisplayName="Contact" id="{7de2bdcd-7aa1-ed11-83ff-000d3a4e3fb0}" />
      </MissingDependency>
      <MissingDependency>
        <Required type="26" schemaName="My Open Opportunities" displayName="My Open Opportunities" parentSchemaName="opportunity" parentDisplayName="Opportunity" solution="msdynce_Sales (9.0.4.0076)" id="{00000000-0000-0000-00aa-000010003000}">
          <package>msdynce_SalesAnchor (9.0.23032.15006)</package>
        </Required>
        <Dependent type="60" displayName="Contact - With Power BI " parentDisplayName="Contact" id="{7de2bdcd-7aa1-ed11-83ff-000d3a4e3fb0}" />
      </MissingDependency>
      <MissingDependency>
        <Required type="26" schemaName="Open Opportunities" displayName="Open Opportunities" parentSchemaName="opportunity" parentDisplayName="Opportunity" solution="msdynce_Sales (9.0.4.0076)" id="{00000000-0000-0000-00aa-000010003001}">
          <package>msdynce_SalesAnchor (9.0.23032.15006)</package>
        </Required>
        <Dependent type="60" displayName="Account - with Power BI" parentDisplayName="Account" id="{e1fb9f98-4f72-ed11-9562-000d3a8d942a}" />
      </MissingDependency>
      <MissingDependency>
        <Required type="26" schemaName="Closed Opportunities" displayName="Closed Opportunities" parentSchemaName="opportunity" parentDisplayName="Opportunity" solution="msdynce_Sales (9.0.4.0076)" id="{00000000-0000-0000-00aa-000010003006}">
          <package>msdynce_SalesAnchor (9.0.23032.15006)</package>
        </Required>
        <Dependent type="80" schemaName="pbi_ContosoSalesPowerBIDemoApp" displayName="Contoso Sales Power BI Demo App" />
      </MissingDependency>
      <MissingDependency>
        <Required type="26" schemaName="Lost Opportunities" displayName="Lost Opportunities" parentSchemaName="opportunity" parentDisplayName="Opportunity" solution="msdynce_Sales (9.0.4.0076)" id="{5bd2527c-a882-de11-9ff3-00155da3b012}">
          <package>msdynce_SalesAnchor (9.0.23032.15006)</package>
        </Required>
        <Dependent type="80" schemaName="pbi_ContosoSalesPowerBIDemoApp" displayName="Contoso Sales Power BI Demo App" />
      </MissingDependency>
      <MissingDependency>
        <Required type="26" schemaName="My Campaigns" displayName="My Campaigns" parentSchemaName="campaign" parentDisplayName="Campaign" solution="msdynce_Marketing (9.0.4.37)" id="{7f68a34b-26f1-430f-b3ef-7079f2925c69}" />
        <Dependent type="80" schemaName="pbi_ContosoSalesPowerBIDemoApp" displayName="Contoso Sales Power BI Demo App" />
      </MissingDependency>
      <MissingDependency>
        <Required type="26" schemaName="All Campaigns and Campaign Templates" displayName="All Campaigns and Campaign Templates" parentSchemaName="campaign" parentDisplayName="Campaign" solution="msdynce_Marketing (9.0.4.37)" id="{8ebce151-8451-490d-a8db-59fff97949e8}" />
        <Dependent type="80" schemaName="pbi_ContosoSalesPowerBIDemoApp" displayName="Contoso Sales Power BI Demo App" />
      </MissingDependency>
      <MissingDependency>
        <Required type="26" schemaName="Recent Opportunities" displayName="Recent Opportunities" parentSchemaName="opportunity" parentDisplayName="Opportunity" solution="msdynce_Sales (9.0.4.0076)" id="{9c3f7ee8-eca7-e211-9fb6-00155dd0ea05}">
          <package>msdynce_SalesAnchor (9.0.23032.15006)</package>
        </Required>
        <Dependent type="60" displayName="Contact - With Power BI " parentDisplayName="Contact" id="{7de2bdcd-7aa1-ed11-83ff-000d3a4e3fb0}" />
      </MissingDependency>
      <MissingDependency>
        <Required type="26" schemaName="Recent Opportunities" displayName="Recent Opportunities" parentSchemaName="opportunity" parentDisplayName="Opportunity" solution="msdynce_Sales (9.0.4.0076)" id="{9c3f7ee8-eca7-e211-9fb6-00155dd0ea05}">
          <package>msdynce_SalesAnchor (9.0.23032.15006)</package>
        </Required>
        <Dependent type="60" displayName="Account - with Power BI" parentDisplayName="Account" id="{e1fb9f98-4f72-ed11-9562-000d3a8d942a}" />
      </MissingDependency>
      <MissingDependency>
        <Required type="26" schemaName="All Entitlements" displayName="All Entitlements" parentSchemaName="entitlement" parentDisplayName="Entitlement" solution="msdynce_Service (9.0.5.56)" id="{aa69e7e2-913a-4a5a-8609-8ca443554909}">
          <package>msdynce_ServiceAnchor (9.0.23033.3031)</package>
        </Required>
        <Dependent type="60" displayName="Contact - With Power BI " parentDisplayName="Contact" id="{7de2bdcd-7aa1-ed11-83ff-000d3a4e3fb0}" />
      </MissingDependency>
      <MissingDependency>
        <Required type="26" schemaName="All Opportunities" displayName="All Opportunities" parentSchemaName="opportunity" parentDisplayName="Opportunity" solution="msdynce_Sales (9.0.4.0076)" id="{c6f6fc1b-1b3e-e711-80e1-00155d871bb4}">
          <package>msdynce_SalesAnchor (9.0.23032.15006)</package>
        </Required>
        <Dependent type="60" displayName="Account - with Power BI" parentDisplayName="Account" id="{e1fb9f98-4f72-ed11-9562-000d3a8d942a}" />
      </MissingDependency>
      <MissingDependency>
        <Required type="26" schemaName="All Opportunities" displayName="All Opportunities" parentSchemaName="opportunity" parentDisplayName="Opportunity" solution="msdynce_Sales (9.0.4.0076)" id="{c6f6fc1b-1b3e-e711-80e1-00155d871bb4}">
          <package>msdynce_SalesAnchor (9.0.23032.15006)</package>
        </Required>
        <Dependent type="80" schemaName="pbi_ContosoSalesPowerBIDemoApp" displayName="Contoso Sales Power BI Demo App" />
      </MissingDependency>
      <MissingDependency>
        <Required type="26" schemaName="Launched Campaigns" displayName="Launched Campaigns" parentSchemaName="campaign" parentDisplayName="Campaign" solution="msdynce_Marketing (9.0.4.37)" id="{e0ae0e28-bae2-41e8-bc76-adc046eb6987}" />
        <Dependent type="80" schemaName="pbi_ContosoSalesPowerBIDemoApp" displayName="Contoso Sales Power BI Demo App" />
      </MissingDependency>
      <MissingDependency>
        <Required type="26" schemaName="Recent Cases" displayName="Recent Cases" parentSchemaName="incident" parentDisplayName="Case" solution="msdynce_Service (9.0.5.56)" id="{ebd1d24a-eea7-e211-9fb6-00155dd0ea05}">
          <package>msdynce_ServiceAnchor (9.0.23033.3031)</package>
        </Required>
        <Dependent type="60" displayName="Contact - With Power BI " parentDisplayName="Contact" id="{7de2bdcd-7aa1-ed11-83ff-000d3a4e3fb0}" />
      </MissingDependency>
      <MissingDependency>
        <Required type="26" schemaName="Won Opportunities" displayName="Won Opportunities" parentSchemaName="opportunity" parentDisplayName="Opportunity" solution="msdynce_Sales (9.0.4.0076)" id="{f73a5bef-a782-de11-9ff3-00155da3b012}">
          <package>msdynce_SalesAnchor (9.0.23032.15006)</package>
        </Required>
        <Dependent type="60" displayName="Account - with Power BI" parentDisplayName="Account" id="{e1fb9f98-4f72-ed11-9562-000d3a8d942a}" />
      </MissingDependency>
      <MissingDependency>
        <Required type="26" schemaName="Won Opportunities" displayName="Won Opportunities" parentSchemaName="opportunity" parentDisplayName="Opportunity" solution="msdynce_Sales (9.0.4.0076)" id="{f73a5bef-a782-de11-9ff3-00155da3b012}">
          <package>msdynce_SalesAnchor (9.0.23032.15006)</package>
        </Required>
        <Dependent type="80" schemaName="pbi_ContosoSalesPowerBIDemoApp" displayName="Contoso Sales Power BI Demo App" />
      </MissingDependency>
      <MissingDependency>
        <Required type="59" schemaName="Top Customers" displayName="Top Customers" parentSchemaName="opportunity" parentDisplayName="Opportunity" solution="msdynce_Sales (9.0.4.0076)" id="{8bc5fb18-48f2-4782-9e16-3d452fa4ddce}">
          <package>msdynce_SalesAnchor (9.0.23032.15006)</package>
        </Required>
        <Dependent type="60" displayName="Contact - With Power BI " parentDisplayName="Contact" id="{7de2bdcd-7aa1-ed11-83ff-000d3a4e3fb0}" />
      </MissingDependency>
      <MissingDependency>
        <Required type="59" schemaName="Top Customers" displayName="Top Customers" parentSchemaName="opportunity" parentDisplayName="Opportunity" solution="msdynce_Sales (9.0.4.0076)" id="{8bc5fb18-48f2-4782-9e16-3d452fa4ddce}">
          <package>msdynce_SalesAnchor (9.0.23032.15006)</package>
        </Required>
        <Dependent type="60" displayName="Account - with Power BI" parentDisplayName="Account" id="{e1fb9f98-4f72-ed11-9562-000d3a8d942a}" />
      </MissingDependency>
      <MissingDependency>
        <Required type="59" schemaName="Case Mix (By Business Unit)" displayName="Case Mix (By Business Unit)" parentSchemaName="incident" parentDisplayName="Case" solution="msdynce_Service (9.0.5.56)" id="{f10375a6-4893-de11-97d4-00155da3b01e}">
          <package>msdynce_ServiceAnchor (9.0.23033.3031)</package>
        </Required>
        <Dependent type="60" displayName="Contact - With Power BI " parentDisplayName="Contact" id="{7de2bdcd-7aa1-ed11-83ff-000d3a4e3fb0}" />
      </MissingDependency>
      <MissingDependency>
        <Required type="59" schemaName="Entitlements Expiration" displayName="Entitlements Expiration" parentSchemaName="entitlement" parentDisplayName="Entitlement" solution="msdynce_Service (9.0.5.56)" id="{fdb919bb-c6fc-4fc8-8fa5-67ace68e41d1}">
          <package>msdynce_ServiceAnchor (9.0.23033.3031)</package>
        </Required>
        <Dependent type="60" displayName="Contact - With Power BI " parentDisplayName="Contact" id="{7de2bdcd-7aa1-ed11-83ff-000d3a4e3fb0}" />
      </MissingDependency>
      <MissingDependency>
        <Required type="60" displayName="account contact card" parentDisplayName="Contact" solution="msdynce_AppCommon (9.0.4.0066)" id="{29de27bc-a257-4f29-99cf-bab4a84e688f}">
          <package>msdynce_AppCommonAnchor (9.0.23032.15002)</package>
        </Required>
        <Dependent type="60" displayName="Contact - With Power BI " parentDisplayName="Contact" id="{7de2bdcd-7aa1-ed11-83ff-000d3a4e3fb0}" />
      </MissingDependency>
      <MissingDependency>
        <Required type="61" schemaName="msdyn_talkingpointsloader.js" displayName="msdyn_talkingpointsloader.js" solution="msdynce_Talkingpoints (9.0.1.701894)">
          <package>msdynce_SalesInsightsAnchor (9.0.23032.15013)</package>
        </Required>
        <Dependent type="60" displayName="Contact - With Power BI " parentDisplayName="Contact" id="{7de2bdcd-7aa1-ed11-83ff-000d3a4e3fb0}" />
      </MissingDependency>
      <MissingDependency>
        <Required type="61" schemaName="Sales/_imgs/productgrid/SalesTerritories.svg" displayName="Sales/_imgs/productgrid/SalesTerritories.svg" solution="msdynce_SalesPatch (9.0.1904.3002)">
          <package>msdynce_SalesAnchor (9.0.23032.15006)</package>
        </Required>
        <Dependent type="62" schemaName="pbi_ContosoSalesPowerBIDemoApp" />
      </MissingDependency>
      <MissingDependency>
        <Required type="66" schemaName="Intelligence.BusinessCardReaderControl.BusinessCardReader" displayName="Intelligence.BusinessCardReaderControl.BusinessCardReader" solution="BaseCustomControlsCore (9.0.2212.3011)" />
        <Dependent type="60" displayName="Contact - With Power BI " parentDisplayName="Contact" id="{7de2bdcd-7aa1-ed11-83ff-000d3a4e3fb0}" />
      </MissingDependency>
      <MissingDependency>
        <Required type="66" schemaName="MscrmControls.CardFeedContainer.CardFeedContainer" displayName="MscrmControls.CardFeedContainer.CardFeedContainer" solution="BaseCustomControlsCore (9.0.2212.3011)" />
        <Dependent type="60" displayName="Contact - With Power BI " parentDisplayName="Contact" id="{7de2bdcd-7aa1-ed11-83ff-000d3a4e3fb0}" />
      </MissingDependency>
      <MissingDependency>
        <Required type="66" schemaName="MscrmControls.PowerBIPCFControl" displayName="MscrmControls.PowerBIPCFControl" solution="BaseCustomControlsCore (9.0.2212.3011)" />
        <Dependent type="60" displayName="User - With Power BI" parentDisplayName="User" id="{01d8f486-7da1-ed11-83ff-000d3a1f48d3}" />
      </MissingDependency>
      <MissingDependency>
        <Required type="66" schemaName="MscrmControls.PowerBIPCFControl" displayName="MscrmControls.PowerBIPCFControl" solution="BaseCustomControlsCore (9.0.2212.3011)" />
        <Dependent type="60" displayName="Contact - With Power BI " parentDisplayName="Contact" id="{7de2bdcd-7aa1-ed11-83ff-000d3a4e3fb0}" />
      </MissingDependency>
      <MissingDependency>
        <Required type="66" schemaName="MscrmControls.PowerBIPCFControl" displayName="MscrmControls.PowerBIPCFControl" solution="BaseCustomControlsCore (9.0.2212.3011)" />
        <Dependent type="60" displayName="Account - with Power BI" parentDisplayName="Account" id="{e1fb9f98-4f72-ed11-9562-000d3a8d942a}" />
      </MissingDependency>
      <MissingDependency>
        <Required type="SettingDefinition" displayName="AsyncOnLoad" solution="SettingDefinitionsData (9.1.22112.221109001)" id.uniquename="AsyncOnLoad" />
        <Dependent type="AppSetting" displayName="parentappmoduleid.uniquename=pbi_ContosoSalesPowerBIDemoApp,settingdefinitionid.uniquename=AsyncOnLoad" id.parentappmoduleid.uniquename="pbi_ContosoSalesPowerBIDemoApp" id.settingdefinitionid.uniquename="AsyncOnLoad" />
      </MissingDependency>
      <MissingDependency>
        <Required type="SettingDefinition" displayName="AsyncOnSave" solution="SettingDefinitionsData (9.1.22112.221109001)" id.uniquename="AsyncOnSave" />
        <Dependent type="AppSetting" displayName="parentappmoduleid.uniquename=pbi_ContosoSalesPowerBIDemoApp,settingdefinitionid.uniquename=AsyncOnSave" id.parentappmoduleid.uniquename="pbi_ContosoSalesPowerBIDemoApp" id.settingdefinitionid.uniquename="AsyncOnSave" />
      </MissingDependency>
    </MissingDependencies>
  </SolutionManifest>
</ImportExportXml>