<powerbireport uniquename="pbi_2309d16561b24bfdbef919fa1e273da8">
  <datasetid>
    <uniquename>new_dataset_2f6ca19f-15ff-4b73-b468-692c909e7e50</uniquename>
  </datasetid>
  <etag>638059406341330000</etag>
  <importpowerbicomponentsequencenumber>638059384651612501</importpowerbicomponentsequencenumber>
  <iscustomizable>1</iscustomizable>
  <name>Contoso Sales</name>
  <package mimetype="application/zip">package.pbipkg</package>
  <reportobjectid>245510ff-e2dd-4994-8d8a-358d3dd9a9a1</reportobjectid>
  <reportoriginalobjectid>b970da4a-f3a9-42f9-850c-1890323fb0b7</reportoriginalobjectid>
  <statecode>0</statecode>
  <statuscode>1</statuscode>
  <workspaceobjectid>dbd3875d-4a39-4245-b48d-ef9cddba192c</workspaceobjectid>
</powerbireport>