<powerbireport uniquename="pbi_bbde10abca64494ba48cf6e72ed39f65">
  <datasetid>
    <uniquename>new_dataset_7a25054c-2d88-4bc8-89fe-8e3ac787dacd</uniquename>
  </datasetid>
  <etag>638113765056630000</etag>
  <importpowerbicomponentsequencenumber>638112945053488901</importpowerbicomponentsequencenumber>
  <iscustomizable>1</iscustomizable>
  <name>Contoso Sales - Customer</name>
  <package mimetype="application/zip">package.pbipkg</package>
  <reportobjectid>025a11d2-a163-4daa-94c2-8157564ccbb8</reportobjectid>
  <reportoriginalobjectid>b6fe4d75-9a40-49d7-b30f-9250b308309e</reportoriginalobjectid>
  <statecode>0</statecode>
  <statuscode>1</statuscode>
  <workspaceobjectid>0d1209a5-da9e-4057-af1c-e58a77c47e66</workspaceobjectid>
</powerbireport>