<powerbireport uniquename="pbi_cdcd5fec970044feaa880fac20e48360">
  <datasetid>
    <uniquename>new_dataset_5c050c0d-d902-40be-962c-46c94725ed8f</uniquename>
  </datasetid>
  <importpowerbicomponentsequencenumber>638176350885674093</importpowerbicomponentsequencenumber>
  <iscustomizable>1</iscustomizable>
  <name>Dynamics 365 Sales - Campaign</name>
  <package mimetype="application/zip">package.pbipkg</package>
  <reportoriginalobjectid>a229617f-c75b-4834-b12f-0422532f40ec</reportoriginalobjectid>
  <statecode>0</statecode>
  <statuscode>1</statuscode>
  <workspaceobjectid>5a2672bd-509f-426a-968f-3d91d90c24e0</workspaceobjectid>
</powerbireport>