<environmentvariabledefinition schemaname="pbi_MonthsOfHistory">
  <description default="How many months of closed opportunities should be retrieved based on 'actual closed date'? (All open opportunities are retrieved regardless of date.)">
    <label description="How many months of closed opportunities should be retrieved based on 'actual closed date'? (All open opportunities are retrieved regardless of date.)" languagecode="1033" />
  </description>
  <displayname default="MonthsOfHistory">
    <label description="MonthsOfHistory" languagecode="1033" />
  </displayname>
  <introducedversion>1.0.0.3</introducedversion>
  <iscustomizable>1</iscustomizable>
  <isrequired>0</isrequired>
  <secretstore>0</secretstore>
  <type>100000001</type>
</environmentvariabledefinition>