<powerbidataset uniquename="new_dataset_a482ab4b-ad74-493b-b6ca-671c58182949">
  <datasetobjectid>221d28d0-dd33-47a7-ab83-4c49d766be61</datasetobjectid>
  <datasetoriginalobjectid>f97623bd-e985-4da8-8aca-34a45893e120</datasetoriginalobjectid>
  <dataverseconnectionupdateenabled>0</dataverseconnectionupdateenabled>
  <importpowerbicomponentsequencenumber>638179468900680936</importpowerbicomponentsequencenumber>
  <iscustomizable>1</iscustomizable>
  <name>Dynamics 365 Sales</name>
  <package mimetype="application/zip">package.pbipkg</package>
  <statecode>0</statecode>
  <statuscode>1</statuscode>
  <workspaceobjectid>006e4573-3a1f-42e7-9d9f-d29dd32aabfd</workspaceobjectid>
</powerbidataset>